period,date,opening_balance,payment,prepayment,interest_rate,monthly_interest_rate,interest,principal,closing_balance,loan_number
0,2023-09-01,0.0,0.0,0.0,0.00%,0.00%,0.0,0.0,35000.0,1
1,2023-10-01,35000.0,1096.77,149.29,8.00%,0.67%,233.33,1012.73,33987.27,1
0,2023-10-01,0.0,0.0,0.0,0.00%,0.00%,0.0,0.0,40000.0,2
2,2023-11-01,33987.27,1096.77,144.97,8.00%,0.67%,226.58,1015.16,32972.12,1
1,2023-11-01,40000.0,3479.54,170.61,8.00%,0.67%,266.67,3383.48,36616.52,2
0,2023-11-01,0.0,0.0,0.0,0.00%,0.00%,0.0,0.0,40000.0,3
3,2023-12-01,32972.12,1096.77,140.64,8.00%,0.67%,219.81,1017.6,31954.52,1
2,2023-12-01,36616.52,3479.54,156.18,8.00%,0.67%,244.11,3391.61,33224.91,2
1,2023-12-01,40000.0,976.52,170.61,8.00%,0.67%,266.67,880.46,39119.54,3
0,2023-12-01,0.0,0.0,0.0,0.00%,0.00%,0.0,0.0,40000.0,4
3,2024-01-01,33224.91,3479.54,141.71,8.00%,0.67%,221.5,3399.75,29825.16,2
2,2024-01-01,39119.54,976.52,166.86,8.00%,0.67%,260.8,882.58,38236.95,3
1,2024-01-01,40000.0,811.06,170.61,8.00%,0.67%,266.67,715.0,39285.0,4
0,2024-01-01,0.0,0.0,0.0,0.00%,0.00%,0.0,0.0,40000.0,5
4,2024-01-01,31954.52,1096.77,136.3,8.00%,0.67%,213.03,1020.04,30934.48,1
0,2024-02-01,0.0,0.0,0.0,0.00%,0.00%,0.0,0.0,40000.0,6
5,2024-02-01,30934.48,1096.77,131.95,8.00%,0.67%,206.23,1022.49,29911.99,1
2,2024-02-01,39285.0,811.06,167.56,8.00%,0.67%,261.9,716.72,38568.28,4
1,2024-02-01,40000.0,701.33,170.61,8.00%,0.67%,266.67,605.27,39394.73,5
4,2024-02-01,29825.16,3479.54,127.21,8.00%,0.67%,198.83,3407.92,26417.24,2
3,2024-02-01,38236.95,976.52,163.09,8.00%,0.67%,254.91,884.7,37352.26,3
5,2024-03-01,26417.24,3479.54,112.68,8.00%,0.67%,176.11,3416.11,23001.14,2
0,2024-03-01,0.0,0.0,0.0,0.00%,0.00%,0.0,0.0,40000.0,7
3,2024-03-01,38568.28,811.06,164.51,8.00%,0.67%,257.12,718.45,37849.83,4
6,2024-03-01,29911.99,1096.77,127.58,8.00%,0.67%,199.41,1024.94,28887.05,1
2,2024-03-01,39394.73,701.33,168.03,8.00%,0.67%,262.63,606.73,38788.0,5
1,2024-03-01,40000.0,811.06,170.61,8.00%,0.67%,266.67,715.0,39285.0,6
4,2024-03-01,37352.26,976.52,159.32,8.00%,0.67%,249.02,886.82,36465.43,3
6,2024-04-01,23001.14,3479.54,98.11,8.00%,0.67%,153.34,3424.31,19576.83,2
0,2024-04-01,0.0,0.0,0.0,0.00%,0.00%,0.0,0.0,40000.0,8
7,2024-04-01,28887.05,1096.77,123.21,8.00%,0.67%,192.58,1027.4,27859.65,1
2,2024-04-01,39285.0,811.06,167.56,8.00%,0.67%,261.9,716.72,38568.28,6
1,2024-04-01,40000.0,701.33,170.61,8.00%,0.67%,266.67,605.27,39394.73,7
4,2024-04-01,37849.83,811.06,161.44,8.00%,0.67%,252.33,720.17,37129.66,4
3,2024-04-01,38788.0,701.33,165.44,8.00%,0.67%,258.59,608.18,38179.81,5
5,2024-04-01,36465.43,976.52,155.54,8.00%,0.67%,243.1,888.96,35576.47,3
2,2024-05-01,39394.73,701.33,168.03,8.00%,0.67%,262.63,606.73,38788.0,7
3,2024-05-01,38568.28,811.06,164.51,8.00%,0.67%,257.12,718.45,37849.83,6
1,2024-05-01,40000.0,811.06,170.61,8.00%,0.67%,266.67,715.0,39285.0,8
7,2024-05-01,19576.83,3479.54,83.5,8.00%,0.67%,130.51,3432.53,16144.3,2
5,2024-05-01,37129.66,811.06,158.37,8.00%,0.67%,247.53,721.9,36407.76,4
4,2024-05-01,38179.81,701.33,162.85,8.00%,0.67%,254.53,609.65,37570.17,5
6,2024-05-01,35576.47,976.52,151.75,8.00%,0.67%,237.18,891.09,34685.38,3
0,2024-05-01,0.0,0.0,0.0,0.00%,0.00%,0.0,0.0,40000.0,9
8,2024-05-01,27859.65,1096.77,118.83,8.00%,0.67%,185.73,1029.87,26829.78,1
5,2024-06-01,37570.17,701.33,160.25,8.00%,0.67%,250.47,611.11,36959.05,5
3,2024-06-01,38788.0,701.33,165.44,8.00%,0.67%,258.59,608.18,38179.81,7
4,2024-06-01,37849.83,811.06,161.44,8.00%,0.67%,252.33,720.17,37129.66,6
1,2024-06-01,40000.0,701.33,170.61,8.00%,0.67%,266.67,605.27,39394.73,9
9,2024-06-01,26829.78,1096.77,114.44,8.00%,0.67%,178.87,1032.34,25797.44,1
2,2024-06-01,39285.0,811.06,167.56,8.00%,0.67%,261.9,716.72,38568.28,8
6,2024-06-01,36407.76,811.06,155.29,8.00%,0.67%,242.72,723.63,35684.13,4
7,2024-06-01,34685.38,976.52,147.94,8.00%,0.67%,231.24,893.22,33792.16,3
0,2024-06-01,0.0,0.0,0.0,0.00%,0.00%,0.0,0.0,40000.0,10
8,2024-06-01,16144.3,3479.54,68.86,8.00%,0.67%,107.63,3440.77,12703.53,2
9,2024-07-01,12703.53,3479.54,54.18,8.00%,0.67%,84.69,3449.03,9254.5,2
4,2024-07-01,38179.81,701.33,162.85,8.00%,0.67%,254.53,609.65,37570.17,7
10,2024-07-01,25797.44,1096.77,110.03,8.00%,0.67%,171.98,1034.82,24762.62,1
7,2024-07-01,35684.13,811.06,152.2,8.00%,0.67%,237.89,725.37,34958.76,4
5,2024-07-01,37129.66,811.06,158.37,8.00%,0.67%,247.53,721.9,36407.76,6
1,2024-07-01,40000.0,811.06,170.61,8.00%,0.67%,266.67,715.0,39285.0,10
6,2024-07-01,36959.05,701.33,157.64,8.00%,0.67%,246.39,612.58,36346.48,5
3,2024-07-01,38568.28,811.06,164.51,8.00%,0.67%,257.12,718.45,37849.83,8
8,2024-07-01,33792.16,976.52,144.13,8.00%,0.67%,225.28,895.37,32896.79,3
2,2024-07-01,39394.73,701.33,168.03,8.00%,0.67%,262.63,606.73,38788.0,9
9,2024-08-01,32896.79,976.52,140.32,8.00%,0.67%,219.31,897.53,31999.26,3
4,2024-08-01,37849.83,811.06,161.44,8.00%,0.67%,252.33,720.17,37129.66,8
11,2024-08-01,24762.62,1096.77,105.62,8.00%,0.67%,165.08,1037.31,23725.32,1
6,2024-08-01,36407.76,811.06,155.29,8.00%,0.67%,242.72,723.63,35684.13,6
3,2024-08-01,38788.0,701.33,165.44,8.00%,0.67%,258.59,608.18,38179.81,9
5,2024-08-01,37570.17,701.33,160.25,8.00%,0.67%,250.47,611.11,36959.05,7
8,2024-08-01,34958.76,811.06,149.11,8.00%,0.67%,233.06,727.11,34231.65,4
2,2024-08-01,39285.0,811.06,167.56,8.00%,0.67%,261.9,716.72,38568.28,10
7,2024-08-01,36346.48,701.33,155.03,8.00%,0.67%,242.31,614.05,35732.43,5
10,2024-08-01,9254.5,3479.54,39.47,8.00%,0.67%,61.7,3457.31,5797.18,2
7,2024-09-01,35684.13,811.06,152.2,8.00%,0.67%,237.89,725.37,34958.76,6
4,2024-09-01,38179.81,701.33,162.85,8.00%,0.67%,254.53,609.65,37570.17,9
6,2024-09-01,36959.05,701.33,157.64,8.00%,0.67%,246.39,612.58,36346.48,7
12,2024-09-01,23725.32,1096.77,101.2,8.00%,0.67%,158.17,1039.8,22685.51,1
5,2024-09-01,37129.66,811.06,158.37,8.00%,0.67%,247.53,721.9,36407.76,8
10,2024-09-01,31999.26,976.52,136.49,8.00%,0.67%,213.33,899.68,31099.58,3
8,2024-09-01,35732.43,701.33,152.41,8.00%,0.67%,238.22,615.52,35116.9,5
3,2024-09-01,38568.28,811.06,164.51,8.00%,0.67%,257.12,718.45,37849.83,10
9,2024-09-01,34231.65,811.06,146.01,8.00%,0.67%,228.21,728.86,33502.79,4
11,2024-09-01,5797.18,3479.54,24.73,8.00%,0.67%,38.65,3465.62,2331.56,2
13,2024-10-01,22685.51,1096.77,96.76,8.00%,0.67%,151.24,1042.29,21643.22,1
10,2024-10-01,33502.79,811.06,142.9,8.00%,0.67%,223.35,730.61,32772.19,4
12,2024-10-01,2331.56,2347.11,0.0,8.00%,0.67%,15.54,2331.57,0.0,2
8,2024-10-01,34958.76,811.06,149.11,8.00%,0.67%,233.06,727.11,34231.65,6
7,2024-10-01,36346.48,701.33,155.03,8.00%,0.67%,242.31,614.05,35732.43,7
6,2024-10-01,36407.76,811.06,155.29,8.00%,0.67%,242.72,723.63,35684.13,8
11,2024-10-01,31099.58,976.52,132.65,8.00%,0.67%,207.33,901.84,30197.74,3
4,2024-10-01,37849.83,811.06,161.44,8.00%,0.67%,252.33,720.17,37129.66,10
5,2024-10-01,37570.17,701.33,160.25,8.00%,0.67%,250.47,611.11,36959.05,9
9,2024-10-01,35116.9,701.33,149.78,8.00%,0.67%,234.11,617.0,34499.91,5
11,2024-11-01,32772.19,811.06,139.78,8.00%,0.67%,218.48,732.36,32039.83,4
7,2024-11-01,35684.13,811.06,152.2,8.00%,0.67%,237.89,725.37,34958.76,8
10,2024-11-01,34499.91,701.33,147.15,8.00%,0.67%,230.0,618.48,33881.43,5
12,2024-11-01,30197.74,976.52,128.8,8.00%,0.67%,201.32,904.0,29293.74,3
14,2024-11-01,21643.22,1096.77,92.32,8.00%,0.67%,144.29,1044.8,20598.42,1
6,2024-11-01,36959.05,701.33,157.64,8.00%,0.67%,246.39,612.58,36346.48,9
9,2024-11-01,34231.65,811.06,146.01,8.00%,0.67%,228.21,728.86,33502.79,6
8,2024-11-01,35732.43,701.33,152.41,8.00%,0.67%,238.22,615.52,35116.9,7
5,2024-11-01,37129.66,811.06,158.37,8.00%,0.67%,247.53,721.9,36407.76,10
15,2024-12-01,20598.42,1096.77,87.86,8.00%,0.67%,137.32,1047.31,19551.11,1
7,2024-12-01,36346.48,701.33,155.03,8.00%,0.67%,242.31,614.05,35732.43,9
8,2024-12-01,34958.76,811.06,149.11,8.00%,0.67%,233.06,727.11,34231.65,8
10,2024-12-01,33502.79,811.06,142.9,8.00%,0.67%,223.35,730.61,32772.19,6
11,2024-12-01,33881.43,701.33,144.52,8.00%,0.67%,225.88,619.97,33261.45,5
13,2024-12-01,29293.74,976.52,124.95,8.00%,0.67%,195.29,906.18,28387.56,3
9,2024-12-01,35116.9,701.33,149.78,8.00%,0.67%,234.11,617.0,34499.91,7
12,2024-12-01,32039.83,811.06,136.66,8.00%,0.67%,213.6,734.12,31305.71,4
6,2024-12-01,36407.76,811.06,155.29,8.00%,0.67%,242.72,723.63,35684.13,10
12,2025-01-01,33261.45,701.33,141.87,8.00%,0.67%,221.74,621.46,32640.0,5
11,2025-01-01,32772.19,811.06,139.78,8.00%,0.67%,218.48,732.36,32039.83,6
7,2025-01-01,35684.13,811.06,152.2,8.00%,0.67%,237.89,725.37,34958.76,10
10,2025-01-01,34499.91,701.33,147.15,8.00%,0.67%,230.0,618.48,33881.43,7
9,2025-01-01,34231.65,811.06,146.01,8.00%,0.67%,228.21,728.86,33502.79,8
16,2025-01-01,19551.11,1096.77,83.39,8.00%,0.67%,130.34,1049.82,18501.29,1
8,2025-01-01,35732.43,701.33,152.41,8.00%,0.67%,238.22,615.52,35116.9,9
13,2025-01-01,31305.71,811.06,133.53,8.00%,0.67%,208.7,735.89,30569.82,4
14,2025-01-01,28387.56,976.52,121.08,8.00%,0.67%,189.25,908.35,27479.21,3
11,2025-02-01,33881.43,701.33,144.52,8.00%,0.67%,225.88,619.97,33261.45,7
9,2025-02-01,35116.9,701.33,149.78,8.00%,0.67%,234.11,617.0,34499.91,9
10,2025-02-01,33502.79,811.06,142.9,8.00%,0.67%,223.35,730.61,32772.19,8
12,2025-02-01,32039.83,811.06,136.66,8.00%,0.67%,213.6,734.12,31305.71,6
14,2025-02-01,30569.82,811.06,130.39,8.00%,0.67%,203.8,737.65,29832.17,4
8,2025-02-01,34958.76,811.06,149.11,8.00%,0.67%,233.06,727.11,34231.65,10
15,2025-02-01,27479.21,976.52,117.21,8.00%,0.67%,183.19,910.54,26568.67,3
17,2025-02-01,18501.29,1096.77,78.91,8.00%,0.67%,123.34,1052.34,17448.96,1
13,2025-02-01,32640.0,701.33,139.22,8.00%,0.67%,217.6,622.95,32017.05,5
11,2025-03-01,32772.19,811.06,139.78,8.00%,0.67%,218.48,732.36,32039.83,8
18,2025-03-01,17448.96,1096.77,74.43,8.00%,0.67%,116.33,1054.87,16394.08,1
9,2025-03-01,34231.65,811.06,146.01,8.00%,0.67%,228.21,728.86,33502.79,10
15,2025-03-01,29832.17,811.06,127.24,8.00%,0.67%,198.88,739.42,29092.75,4
16,2025-03-01,26568.67,976.52,113.32,8.00%,0.67%,177.12,912.72,25655.96,3
14,2025-03-01,32017.05,701.33,136.56,8.00%,0.67%,213.45,624.44,31392.6,5
13,2025-03-01,31305.71,811.06,133.53,8.00%,0.67%,208.7,735.89,30569.82,6
10,2025-03-01,34499.91,701.33,147.15,8.00%,0.67%,230.0,618.48,33881.43,9
12,2025-03-01,33261.45,701.33,141.87,8.00%,0.67%,221.74,621.46,32640.0,7
13,2025-04-01,32640.0,701.33,139.22,8.00%,0.67%,217.6,622.95,32017.05,7
19,2025-04-01,16394.08,1096.77,69.93,8.00%,0.67%,109.29,1057.41,15336.68,1
11,2025-04-01,33881.43,701.33,144.52,8.00%,0.67%,225.88,619.97,33261.45,9
15,2025-04-01,31392.6,701.33,133.9,8.00%,0.67%,209.28,625.95,30766.66,5
16,2025-04-01,29092.75,811.06,124.09,8.00%,0.67%,193.95,741.2,28351.55,4
17,2025-04-01,25655.96,976.52,109.43,8.00%,0.67%,171.04,914.91,24741.05,3
14,2025-04-01,30569.82,811.06,130.39,8.00%,0.67%,203.8,737.65,29832.17,6
12,2025-04-01,32039.83,811.06,136.66,8.00%,0.67%,213.6,734.12,31305.71,8
10,2025-04-01,33502.79,811.06,142.9,8.00%,0.67%,223.35,730.61,32772.19,10
13,2025-05-01,31305.71,811.06,133.53,8.00%,0.67%,208.7,735.89,30569.82,8
18,2025-05-01,24741.05,976.52,105.53,8.00%,0.67%,164.94,917.11,23823.94,3
16,2025-05-01,30766.66,701.33,131.23,8.00%,0.67%,205.11,627.45,30139.21,5
15,2025-05-01,29832.17,811.06,127.24,8.00%,0.67%,198.88,739.42,29092.75,6
12,2025-05-01,33261.45,701.33,141.87,8.00%,0.67%,221.74,621.46,32640.0,9
17,2025-05-01,28351.55,811.06,120.93,8.00%,0.67%,189.01,742.98,27608.57,4
14,2025-05-01,32017.05,701.33,136.56,8.00%,0.67%,213.45,624.44,31392.6,7
20,2025-05-01,15336.68,1096.77,65.42,8.00%,0.67%,102.24,1059.95,14276.73,1
11,2025-05-01,32772.19,811.06,139.78,8.00%,0.67%,218.48,732.36,32039.83,10
12,2025-06-01,32039.83,811.06,136.66,8.00%,0.67%,213.6,734.12,31305.71,10
19,2025-06-01,23823.94,976.52,101.62,8.00%,0.67%,158.83,919.31,22904.62,3
18,2025-06-01,27608.57,811.06,117.76,8.00%,0.67%,184.06,744.76,26863.81,4
16,2025-06-01,29092.75,811.06,124.09,8.00%,0.67%,193.95,741.2,28351.55,6
13,2025-06-01,32640.0,701.33,139.22,8.00%,0.67%,217.6,622.95,32017.05,9
14,2025-06-01,30569.82,811.06,130.39,8.00%,0.67%,203.8,737.65,29832.17,8
17,2025-06-01,30139.21,701.33,128.55,8.00%,0.67%,200.93,628.95,29510.26,5
21,2025-06-01,14276.73,1096.77,60.89,8.00%,0.67%,95.18,1062.48,13214.25,1
15,2025-06-01,31392.6,701.33,133.9,8.00%,0.67%,209.28,625.95,30766.66,7
20,2025-07-01,22904.62,976.52,97.7,8.00%,0.67%,152.7,921.52,21983.1,3
15,2025-07-01,29832.17,811.06,127.24,8.00%,0.67%,198.88,739.42,29092.75,8
19,2025-07-01,26863.81,811.06,114.58,8.00%,0.67%,179.09,746.55,26117.26,4
13,2025-07-01,31305.71,811.06,133.53,8.00%,0.67%,208.7,735.89,30569.82,10
17,2025-07-01,28351.55,811.06,120.93,8.00%,0.67%,189.01,742.98,27608.57,6
14,2025-07-01,32017.05,701.33,136.56,8.00%,0.67%,213.45,624.44,31392.6,9
22,2025-07-01,13214.25,1096.77,56.36,8.00%,0.67%,88.09,1065.04,12149.21,1
18,2025-07-01,29510.26,701.33,125.87,8.00%,0.67%,196.74,630.46,28879.79,5
16,2025-07-01,30766.66,701.33,131.23,8.00%,0.67%,205.11,627.45,30139.21,7
14,2025-08-01,30569.82,811.06,130.39,8.00%,0.67%,203.8,737.65,29832.17,10
18,2025-08-01,27608.57,811.06,117.76,8.00%,0.67%,184.06,744.76,26863.81,6
17,2025-08-01,30139.21,701.33,128.55,8.00%,0.67%,200.93,628.95,29510.26,7
20,2025-08-01,26117.26,811.06,111.4,8.00%,0.67%,174.12,748.34,25368.92,4
19,2025-08-01,28879.79,701.33,123.18,8.00%,0.67%,192.53,631.98,28247.81,5
16,2025-08-01,29092.75,811.06,124.09,8.00%,0.67%,193.95,741.2,28351.55,8
23,2025-08-01,12149.21,1096.77,51.82,8.00%,0.67%,80.99,1067.6,11081.62,1
15,2025-08-01,31392.6,701.33,133.9,8.00%,0.67%,209.28,625.95,30766.66,9
21,2025-08-01,21983.1,976.52,93.76,8.00%,0.67%,146.55,923.73,21059.38,3
20,2025-09-01,28247.81,701.33,120.49,8.00%,0.67%,188.32,633.5,27614.31,5
21,2025-09-01,25368.92,811.06,108.21,8.00%,0.67%,169.13,750.14,24618.77,4
24,2025-09-01,11081.62,1096.77,47.27,8.00%,0.67%,73.88,1070.16,10011.46,1
18,2025-09-01,29510.26,701.33,125.87,8.00%,0.67%,196.74,630.46,28879.79,7
22,2025-09-01,21059.38,976.52,89.82,8.00%,0.67%,140.4,925.94,20133.43,3
19,2025-09-01,26863.81,811.06,114.58,8.00%,0.67%,179.09,746.55,26117.26,6
17,2025-09-01,28351.55,811.06,120.93,8.00%,0.67%,189.01,742.98,27608.57,8
15,2025-09-01,29832.17,811.06,127.24,8.00%,0.67%,198.88,739.42,29092.75,10
16,2025-09-01,30766.66,701.33,131.23,8.00%,0.67%,205.11,627.45,30139.21,9
19,2025-10-01,28879.79,701.33,123.18,8.00%,0.67%,192.53,631.98,28247.81,7
25,2025-10-01,10011.46,1096.77,42.7,8.00%,0.67%,66.74,1072.73,8938.73,1
17,2025-10-01,30139.21,701.33,128.55,8.00%,0.67%,200.93,628.95,29510.26,9
21,2025-10-01,27614.31,701.33,117.78,8.00%,0.67%,184.1,635.01,26979.3,5
16,2025-10-01,29092.75,811.06,124.09,8.00%,0.67%,193.95,741.2,28351.55,10
18,2025-10-01,27608.57,811.06,117.76,8.00%,0.67%,184.06,744.76,26863.81,8
23,2025-10-01,20133.43,976.52,85.88,8.00%,0.67%,134.22,928.18,19205.25,3
22,2025-10-01,24618.77,811.06,105.01,8.00%,0.67%,164.13,751.94,23866.83,4
20,2025-10-01,26117.26,811.06,111.4,8.00%,0.67%,174.12,748.34,25368.92,6
19,2025-11-01,26863.81,811.06,114.58,8.00%,0.67%,179.09,746.55,26117.26,8
23,2025-11-01,23866.83,811.06,101.8,8.00%,0.67%,159.11,753.75,23113.08,4
17,2025-11-01,28351.55,811.06,120.93,8.00%,0.67%,189.01,742.98,27608.57,10
20,2025-11-01,28247.81,701.33,120.49,8.00%,0.67%,188.32,633.5,27614.31,7
24,2025-11-01,19205.25,976.52,81.92,8.00%,0.67%,128.04,930.4,18274.85,3
22,2025-11-01,26979.3,701.33,115.08,8.00%,0.67%,179.86,636.55,26342.75,5
26,2025-11-01,8938.73,1096.77,38.13,8.00%,0.67%,59.59,1075.31,7863.42,1
18,2025-11-01,29510.26,701.33,125.87,8.00%,0.67%,196.74,630.46,28879.79,9
21,2025-11-01,25368.92,811.06,108.21,8.00%,0.67%,169.13,750.14,24618.77,6
19,2025-12-01,28879.79,701.33,123.18,8.00%,0.67%,192.53,631.98,28247.81,9
20,2025-12-01,26117.26,811.06,111.4,8.00%,0.67%,174.12,748.34,25368.92,8
21,2025-12-01,27614.31,701.33,117.78,8.00%,0.67%,184.1,635.01,26979.3,7
22,2025-12-01,24618.77,811.06,105.01,8.00%,0.67%,164.13,751.94,23866.83,6
23,2025-12-01,26342.75,701.33,112.36,8.00%,0.67%,175.62,638.07,25704.68,5
27,2025-12-01,7863.42,1096.77,33.54,8.00%,0.67%,52.42,1077.89,6785.53,1
25,2025-12-01,18274.85,976.52,77.95,8.00%,0.67%,121.83,932.64,17342.21,3
24,2025-12-01,23113.08,811.06,98.58,8.00%,0.67%,154.09,755.55,22357.53,4
18,2025-12-01,27608.57,811.06,117.76,8.00%,0.67%,184.06,744.76,26863.81,10
26,2026-01-01,17342.21,976.52,73.97,8.00%,0.67%,115.61,934.88,16407.34,3
28,2026-01-01,6785.53,1096.77,28.94,8.00%,0.67%,45.24,1080.47,5705.06,1
19,2026-01-01,26863.81,811.06,114.58,8.00%,0.67%,179.09,746.55,26117.26,10
21,2026-01-01,25368.92,811.06,108.21,8.00%,0.67%,169.13,750.14,24618.77,8
25,2026-01-01,22357.53,811.06,95.36,8.00%,0.67%,149.05,757.37,21600.16,4
24,2026-01-01,25704.68,701.33,109.64,8.00%,0.67%,171.36,639.61,25065.07,5
23,2026-01-01,23866.83,811.06,101.8,8.00%,0.67%,159.11,753.75,23113.08,6
22,2026-01-01,26979.3,701.33,115.08,8.00%,0.67%,179.86,636.55,26342.75,7
20,2026-01-01,28247.81,701.33,120.49,8.00%,0.67%,188.32,633.5,27614.31,9
29,2026-02-01,5705.06,1096.77,24.33,8.00%,0.67%,38.03,1083.07,4621.99,1
26,2026-02-01,21600.16,811.06,92.13,8.00%,0.67%,144.0,759.19,20840.97,4
23,2026-02-01,26342.75,701.33,112.36,8.00%,0.67%,175.62,638.07,25704.68,7
20,2026-02-01,26117.26,811.06,111.4,8.00%,0.67%,174.12,748.34,25368.92,10
21,2026-02-01,27614.31,701.33,117.78,8.00%,0.67%,184.1,635.01,26979.3,9
27,2026-02-01,16407.34,976.52,69.98,8.00%,0.67%,109.38,937.12,15470.22,3
22,2026-02-01,24618.77,811.06,105.01,8.00%,0.67%,164.13,751.94,23866.83,8
24,2026-02-01,23113.08,811.06,98.58,8.00%,0.67%,154.09,755.55,22357.53,6
25,2026-02-01,25065.07,701.33,106.91,8.00%,0.67%,167.1,641.14,24423.93,5
25,2026-03-01,22357.53,811.06,95.36,8.00%,0.67%,149.05,757.37,21600.16,6
28,2026-03-01,15470.22,976.52,65.99,8.00%,0.67%,103.13,939.38,14530.84,3
30,2026-03-01,4621.99,1096.77,19.71,8.00%,0.67%,30.81,1085.67,3536.33,1
27,2026-03-01,20840.97,811.06,88.89,8.00%,0.67%,138.94,761.01,20079.96,4
26,2026-03-01,24423.93,701.33,104.18,8.00%,0.67%,162.83,642.68,23781.25,5
22,2026-03-01,26979.3,701.33,115.08,8.00%,0.67%,179.86,636.55,26342.75,9
21,2026-03-01,25368.92,811.06,108.21,8.00%,0.67%,169.13,750.14,24618.77,10
23,2026-03-01,23866.83,811.06,101.8,8.00%,0.67%,159.11,753.75,23113.08,8
24,2026-03-01,25704.68,701.33,109.64,8.00%,0.67%,171.36,639.61,25065.07,7
29,2026-04-01,14530.84,976.52,61.98,8.00%,0.67%,96.87,941.63,13589.22,3
24,2026-04-01,23113.08,811.06,98.58,8.00%,0.67%,154.09,755.55,22357.53,8
27,2026-04-01,23781.25,701.33,101.43,8.00%,0.67%,158.54,644.22,23137.03,5
23,2026-04-01,26342.75,701.33,112.36,8.00%,0.67%,175.62,638.07,25704.68,9
25,2026-04-01,25065.07,701.33,106.91,8.00%,0.67%,167.1,641.14,24423.93,7
26,2026-04-01,21600.16,811.06,92.13,8.00%,0.67%,144.0,759.19,20840.97,6
31,2026-04-01,3536.33,1096.77,15.08,8.00%,0.67%,23.58,1088.27,2448.05,1
28,2026-04-01,20079.96,811.06,85.65,8.00%,0.67%,133.87,762.84,19317.11,4
22,2026-04-01,24618.77,811.06,105.01,8.00%,0.67%,164.13,751.94,23866.83,10
32,2026-05-01,2448.05,1096.77,10.44,8.00%,0.67%,16.32,1090.89,1357.16,1
28,2026-05-01,23137.03,701.33,98.69,8.00%,0.67%,154.25,645.77,22491.26,5
24,2026-05-01,25704.68,701.33,109.64,8.00%,0.67%,171.36,639.61,25065.07,9
25,2026-05-01,22357.53,811.06,95.36,8.00%,0.67%,149.05,757.37,21600.16,8
30,2026-05-01,13589.22,976.52,57.96,8.00%,0.67%,90.59,943.89,12645.33,3
29,2026-05-01,19317.11,811.06,82.39,8.00%,0.67%,128.78,764.67,18552.45,4
27,2026-05-01,20840.97,811.06,88.89,8.00%,0.67%,138.94,761.01,20079.96,6
23,2026-05-01,23866.83,811.06,101.8,8.00%,0.67%,159.11,753.75,23113.08,10
26,2026-05-01,24423.93,701.33,104.18,8.00%,0.67%,162.83,642.68,23781.25,7
33,2026-06-01,1357.16,1096.77,5.79,8.00%,0.67%,9.05,1093.51,263.65,1
28,2026-06-01,20079.96,811.06,85.65,8.00%,0.67%,133.87,762.84,19317.11,6
30,2026-06-01,18552.45,811.06,79.13,8.00%,0.67%,123.68,766.51,17785.94,4
26,2026-06-01,21600.16,811.06,92.13,8.00%,0.67%,144.0,759.19,20840.97,8
29,2026-06-01,22491.26,701.33,95.93,8.00%,0.67%,149.94,647.32,21843.94,5
27,2026-06-01,23781.25,701.33,101.43,8.00%,0.67%,158.54,644.22,23137.03,7
24,2026-06-01,23113.08,811.06,98.58,8.00%,0.67%,154.09,755.55,22357.53,10
31,2026-06-01,12645.33,976.52,53.94,8.00%,0.67%,84.3,946.16,11699.17,3
25,2026-06-01,25065.07,701.33,106.91,8.00%,0.67%,167.1,641.14,24423.93,9
34,2026-07-01,263.65,265.41,0.0,8.00%,0.67%,1.76,263.65,0.0,1
31,2026-07-01,17785.94,811.06,75.86,8.00%,0.67%,118.57,768.35,17017.59,4
26,2026-07-01,24423.93,701.33,104.18,8.00%,0.67%,162.83,642.68,23781.25,9
29,2026-07-01,19317.11,811.06,82.39,8.00%,0.67%,128.78,764.67,18552.45,6
25,2026-07-01,22357.53,811.06,95.36,8.00%,0.67%,149.05,757.37,21600.16,10
27,2026-07-01,20840.97,811.06,88.89,8.00%,0.67%,138.94,761.01,20079.96,8
32,2026-07-01,11699.17,976.52,49.9,8.00%,0.67%,77.99,948.43,10750.75,3
30,2026-07-01,21843.94,701.33,93.17,8.00%,0.67%,145.63,648.87,21195.06,5
28,2026-07-01,23137.03,701.33,98.69,8.00%,0.67%,154.25,645.77,22491.26,7
27,2026-08-01,23781.25,701.33,101.43,8.00%,0.67%,158.54,644.22,23137.03,9
29,2026-08-01,22491.26,701.33,95.93,8.00%,0.67%,149.94,647.32,21843.94,7
28,2026-08-01,20079.96,811.06,85.65,8.00%,0.67%,133.87,762.84,19317.11,8
35,2026-08-01,0.0,0.0,0.0,0.00%,0.00%,0.0,0.0,0.0,1
30,2026-08-01,18552.45,811.06,79.13,8.00%,0.67%,123.68,766.51,17785.94,6
33,2026-08-01,10750.75,976.52,45.86,8.00%,0.67%,71.67,950.71,9800.04,3
32,2026-08-01,17017.59,811.06,72.59,8.00%,0.67%,113.45,770.2,16247.39,4
26,2026-08-01,21600.16,811.06,92.13,8.00%,0.67%,144.0,759.19,20840.97,10
31,2026-08-01,21195.06,701.33,90.4,8.00%,0.67%,141.3,650.43,20544.64,5
31,2026-09-01,17785.94,811.06,75.86,8.00%,0.67%,118.57,768.35,17017.59,6
33,2026-09-01,16247.39,811.06,69.3,8.00%,0.67%,108.32,772.04,15475.35,4
29,2026-09-01,19317.11,811.06,82.39,8.00%,0.67%,128.78,764.67,18552.45,8
30,2026-09-01,21843.94,701.33,93.17,8.00%,0.67%,145.63,648.87,21195.06,7
27,2026-09-01,20840.97,811.06,88.89,8.00%,0.67%,138.94,761.01,20079.96,10
28,2026-09-01,23137.03,701.33,98.69,8.00%,0.67%,154.25,645.77,22491.26,9
34,2026-09-01,9800.04,976.52,41.8,8.00%,0.67%,65.33,952.99,8847.05,3
36,2026-09-01,0.0,0.0,0.0,0.00%,0.00%,0.0,0.0,0.0,1
32,2026-09-01,20544.64,701.33,87.63,8.00%,0.67%,136.96,652.0,19892.64,5
29,2026-10-01,22491.26,701.33,95.93,8.00%,0.67%,149.94,647.32,21843.94,9
32,2026-10-01,17017.59,811.06,72.59,8.00%,0.67%,113.45,770.2,16247.39,6
31,2026-10-01,21195.06,701.33,90.4,8.00%,0.67%,141.3,650.43,20544.64,7
28,2026-10-01,20079.96,811.06,85.65,8.00%,0.67%,133.87,762.84,19317.11,10
33,2026-10-01,19892.64,701.33,84.85,8.00%,0.67%,132.62,653.56,19239.08,5
34,2026-10-01,15475.35,811.06,66.01,8.00%,0.67%,103.17,773.9,14701.45,4
30,2026-10-01,18552.45,811.06,79.13,8.00%,0.67%,123.68,766.51,17785.94,8
35,2026-10-01,8847.05,976.52,37.74,8.00%,0.67%,58.98,955.28,7891.77,3
32,2026-11-01,20544.64,701.33,87.63,8.00%,0.67%,136.96,652.0,19892.64,7
30,2026-11-01,21843.94,701.33,93.17,8.00%,0.67%,145.63,648.87,21195.06,9
36,2026-11-01,7891.77,976.52,33.66,8.00%,0.67%,52.61,957.57,6934.21,3
34,2026-11-01,19239.08,701.33,82.06,8.00%,0.67%,128.26,655.13,18583.95,5
31,2026-11-01,17785.94,811.06,75.86,8.00%,0.67%,118.57,768.35,17017.59,8
35,2026-11-01,14701.45,811.06,62.71,8.00%,0.67%,98.01,775.76,13925.69,4
33,2026-11-01,16247.39,811.06,69.3,8.00%,0.67%,108.32,772.04,15475.35,6
29,2026-11-01,19317.11,811.06,82.39,8.00%,0.67%,128.78,764.67,18552.45,10
36,2026-12-01,13925.69,811.06,59.4,8.00%,0.67%,92.84,777.62,13148.06,4
32,2026-12-01,17017.59,811.06,72.59,8.00%,0.67%,113.45,770.2,16247.39,8
31,2026-12-01,21195.06,701.33,90.4,8.00%,0.67%,141.3,650.43,20544.64,9
33,2026-12-01,19892.64,701.33,84.85,8.00%,0.67%,132.62,653.56,19239.08,7
37,2026-12-01,6934.21,976.52,29.58,8.00%,0.67%,46.23,959.87,5974.33,3
35,2026-12-01,18583.95,701.33,79.27,8.00%,0.67%,123.89,656.71,17927.24,5
34,2026-12-01,15475.35,811.06,66.01,8.00%,0.67%,103.17,773.9,14701.45,6
30,2026-12-01,18552.45,811.06,79.13,8.00%,0.67%,123.68,766.51,17785.94,10
32,2027-01-01,20544.64,701.33,87.63,8.00%,0.67%,136.96,652.0,19892.64,9
35,2027-01-01,14701.45,811.06,62.71,8.00%,0.67%,98.01,775.76,13925.69,6
36,2027-01-01,17927.24,701.33,76.47,8.00%,0.67%,119.51,658.29,17268.96,5
31,2027-01-01,17785.94,811.06,75.86,8.00%,0.67%,118.57,768.35,17017.59,10
38,2027-01-01,5974.33,976.52,25.48,8.00%,0.67%,39.83,962.17,5012.16,3
33,2027-01-01,16247.39,811.06,69.3,8.00%,0.67%,108.32,772.04,15475.35,8
37,2027-01-01,13148.06,811.06,56.08,8.00%,0.67%,87.65,779.49,12368.58,4
34,2027-01-01,19239.08,701.33,82.06,8.00%,0.67%,128.26,655.13,18583.95,7
32,2027-02-01,17017.59,811.06,72.59,8.00%,0.67%,113.45,770.2,16247.39,10
37,2027-02-01,17268.96,701.33,73.66,8.00%,0.67%,115.13,659.86,16609.09,5
35,2027-02-01,18583.95,701.33,79.27,8.00%,0.67%,123.89,656.71,17927.24,7
33,2027-02-01,19892.64,701.33,84.85,8.00%,0.67%,132.62,653.56,19239.08,9
39,2027-02-01,5012.16,976.52,21.38,8.00%,0.67%,33.41,964.49,4047.68,3
36,2027-02-01,13925.69,811.06,59.4,8.00%,0.67%,92.84,777.62,13148.06,6
38,2027-02-01,12368.58,811.06,52.76,8.00%,0.67%,82.46,781.36,11587.22,4
34,2027-02-01,15475.35,811.06,66.01,8.00%,0.67%,103.17,773.9,14701.45,8
37,2027-03-01,13148.06,811.06,56.08,8.00%,0.67%,87.65,779.49,12368.58,6
35,2027-03-01,14701.45,811.06,62.71,8.00%,0.67%,98.01,775.76,13925.69,8
34,2027-03-01,19239.08,701.33,82.06,8.00%,0.67%,128.26,655.13,18583.95,9
36,2027-03-01,17927.24,701.33,76.47,8.00%,0.67%,119.51,658.29,17268.96,7
39,2027-03-01,11587.22,811.06,49.42,8.00%,0.67%,77.25,783.23,10803.98,4
40,2027-03-01,4047.68,976.52,17.26,8.00%,0.67%,26.98,966.8,3080.88,3
33,2027-03-01,16247.39,811.06,69.3,8.00%,0.67%,108.32,772.04,15475.35,10
38,2027-03-01,16609.09,701.33,70.84,8.00%,0.67%,110.73,661.44,15947.65,5
41,2027-04-01,3080.88,976.52,13.14,8.00%,0.67%,20.54,969.12,2111.76,3
36,2027-04-01,13925.69,811.06,59.4,8.00%,0.67%,92.84,777.62,13148.06,8
34,2027-04-01,15475.35,811.06,66.01,8.00%,0.67%,103.17,773.9,14701.45,10
37,2027-04-01,17268.96,701.33,73.66,8.00%,0.67%,115.13,659.86,16609.09,7
40,2027-04-01,10803.98,811.06,46.08,8.00%,0.67%,72.03,785.11,10018.87,4
35,2027-04-01,18583.95,701.33,79.27,8.00%,0.67%,123.89,656.71,17927.24,9
39,2027-04-01,15947.65,701.33,68.02,8.00%,0.67%,106.32,663.03,15284.62,5
38,2027-04-01,12368.58,811.06,52.76,8.00%,0.67%,82.46,781.36,11587.22,6
35,2027-05-01,14701.45,811.06,62.71,8.00%,0.67%,98.01,775.76,13925.69,10
40,2027-05-01,15284.62,701.33,65.19,8.00%,0.67%,101.9,664.62,14619.99,5
39,2027-05-01,11587.22,811.06,49.42,8.00%,0.67%,77.25,783.23,10803.98,6
41,2027-05-01,10018.87,811.06,42.73,8.00%,0.67%,66.79,787.0,9231.87,4
38,2027-05-01,16609.09,701.33,70.84,8.00%,0.67%,110.73,661.44,15947.65,7
36,2027-05-01,17927.24,701.33,76.47,8.00%,0.67%,119.51,658.29,17268.96,9
42,2027-05-01,2111.76,976.52,9.01,8.00%,0.67%,14.08,971.45,1140.31,3
37,2027-05-01,13148.06,811.06,56.08,8.00%,0.67%,87.65,779.49,12368.58,8
41,2027-06-01,14619.99,701.33,62.36,8.00%,0.67%,97.47,666.22,13953.77,5
42,2027-06-01,9231.87,811.06,39.38,8.00%,0.67%,61.55,788.89,8442.98,4
40,2027-06-01,10803.98,811.06,46.08,8.00%,0.67%,72.03,785.11,10018.87,6
37,2027-06-01,17268.96,701.33,73.66,8.00%,0.67%,115.13,659.86,16609.09,9
43,2027-06-01,1140.31,976.52,4.86,8.00%,0.67%,7.6,973.78,166.53,3
39,2027-06-01,15947.65,701.33,68.02,8.00%,0.67%,106.32,663.03,15284.62,7
38,2027-06-01,12368.58,811.06,52.76,8.00%,0.67%,82.46,781.36,11587.22,8
36,2027-06-01,13925.69,811.06,59.4,8.00%,0.67%,92.84,777.62,13148.06,10
41,2027-07-01,10018.87,811.06,42.73,8.00%,0.67%,66.79,787.0,9231.87,6
44,2027-07-01,166.53,167.64,0.0,8.00%,0.67%,1.11,166.53,0.0,3
42,2027-07-01,13953.77,701.33,59.52,8.00%,0.67%,93.03,667.82,13285.95,5
37,2027-07-01,13148.06,811.06,56.08,8.00%,0.67%,87.65,779.49,12368.58,10
40,2027-07-01,15284.62,701.33,65.19,8.00%,0.67%,101.9,664.62,14619.99,7
43,2027-07-01,8442.98,811.06,36.01,8.00%,0.67%,56.29,790.78,7652.2,4
39,2027-07-01,11587.22,811.06,49.42,8.00%,0.67%,77.25,783.23,10803.98,8
38,2027-07-01,16609.09,701.33,70.84,8.00%,0.67%,110.73,661.44,15947.65,9
44,2027-08-01,7652.2,811.06,32.64,8.00%,0.67%,51.01,792.69,6859.51,4
43,2027-08-01,13285.95,701.33,56.67,8.00%,0.67%,88.57,669.43,12616.52,5
41,2027-08-01,14619.99,701.33,62.36,8.00%,0.67%,97.47,666.22,13953.77,7
42,2027-08-01,9231.87,811.06,39.38,8.00%,0.67%,61.55,788.89,8442.98,6
45,2027-08-01,0.0,0.0,0.0,8.00%,0.67%,0.0,-0.0,0.0,3
40,2027-08-01,10803.98,811.06,46.08,8.00%,0.67%,72.03,785.11,10018.87,8
38,2027-08-01,12368.58,811.06,52.76,8.00%,0.67%,82.46,781.36,11587.22,10
39,2027-08-01,15947.65,701.33,68.02,8.00%,0.67%,106.32,663.03,15284.62,9
45,2027-09-01,6859.51,811.06,29.26,8.00%,0.67%,45.73,794.59,6064.92,4
44,2027-09-01,12616.52,701.33,53.81,8.00%,0.67%,84.11,671.03,11945.49,5
42,2027-09-01,13953.77,701.33,59.52,8.00%,0.67%,93.03,667.82,13285.95,7
41,2027-09-01,10018.87,811.06,42.73,8.00%,0.67%,66.79,787.0,9231.87,8
43,2027-09-01,8442.98,811.06,36.01,8.00%,0.67%,56.29,790.78,7652.2,6
40,2027-09-01,15284.62,701.33,65.19,8.00%,0.67%,101.9,664.62,14619.99,9
39,2027-09-01,11587.22,811.06,49.42,8.00%,0.67%,77.25,783.23,10803.98,10
46,2027-09-01,0.0,0.0,0.0,8.00%,0.67%,0.0,-0.0,0.0,3
41,2027-10-01,14619.99,701.33,62.36,8.00%,0.67%,97.47,666.22,13953.77,9
42,2027-10-01,9231.87,811.06,39.38,8.00%,0.67%,61.55,788.89,8442.98,8
40,2027-10-01,10803.98,811.06,46.08,8.00%,0.67%,72.03,785.11,10018.87,10
46,2027-10-01,6064.92,811.06,25.87,8.00%,0.67%,40.43,796.5,5268.42,4
45,2027-10-01,11945.49,701.33,50.95,8.00%,0.67%,79.64,672.64,11272.85,5
47,2027-10-01,0.0,0.0,0.0,8.00%,0.67%,0.0,-0.0,0.0,3
43,2027-10-01,13285.95,701.33,56.67,8.00%,0.67%,88.57,669.43,12616.52,7
44,2027-10-01,7652.2,811.06,32.64,8.00%,0.67%,51.01,792.69,6859.51,6
42,2027-11-01,13953.77,701.33,59.52,8.00%,0.67%,93.03,667.82,13285.95,9
43,2027-11-01,8442.98,811.06,36.01,8.00%,0.67%,56.29,790.78,7652.2,8
47,2027-11-01,5268.42,811.06,22.47,8.00%,0.67%,35.12,798.41,4470.02,4
45,2027-11-01,6859.51,811.06,29.26,8.00%,0.67%,45.73,794.59,6064.92,6
48,2027-11-01,0.0,0.0,0.0,8.00%,0.67%,0.0,-0.0,0.0,3
41,2027-11-01,10018.87,811.06,42.73,8.00%,0.67%,66.79,787.0,9231.87,10
46,2027-11-01,11272.85,701.33,48.08,8.00%,0.67%,75.15,674.26,10598.59,5
44,2027-11-01,12616.52,701.33,53.81,8.00%,0.67%,84.11,671.03,11945.49,7
44,2027-12-01,7652.2,811.06,32.64,8.00%,0.67%,51.01,792.69,6859.51,8
48,2027-12-01,4470.02,811.06,19.07,8.00%,0.67%,29.8,800.33,3669.69,4
42,2027-12-01,9231.87,811.06,39.38,8.00%,0.67%,61.55,788.89,8442.98,10
47,2027-12-01,10598.59,701.33,45.21,8.00%,0.67%,70.66,675.88,9922.71,5
45,2027-12-01,11945.49,701.33,50.95,8.00%,0.67%,79.64,672.64,11272.85,7
46,2027-12-01,6064.92,811.06,25.87,8.00%,0.67%,40.43,796.5,5268.42,6
43,2027-12-01,13285.95,701.33,56.67,8.00%,0.67%,88.57,669.43,12616.52,9
43,2028-01-01,8442.98,811.06,36.01,8.00%,0.67%,56.29,790.78,7652.2,10
44,2028-01-01,12616.52,701.33,53.81,8.00%,0.67%,84.11,671.03,11945.49,9
47,2028-01-01,5268.42,811.06,22.47,8.00%,0.67%,35.12,798.41,4470.02,6
49,2028-01-01,3669.69,811.06,15.65,8.00%,0.67%,24.46,802.25,2867.44,4
48,2028-01-01,9922.71,701.33,42.32,8.00%,0.67%,66.15,677.5,9245.21,5
46,2028-01-01,11272.85,701.33,48.08,8.00%,0.67%,75.15,674.26,10598.59,7
45,2028-01-01,6859.51,811.06,29.26,8.00%,0.67%,45.73,794.59,6064.92,8
47,2028-02-01,10598.59,701.33,45.21,8.00%,0.67%,70.66,675.88,9922.71,7
49,2028-02-01,9245.21,701.33,39.43,8.00%,0.67%,61.63,679.13,8566.08,5
48,2028-02-01,4470.02,811.06,19.07,8.00%,0.67%,29.8,800.33,3669.69,6
44,2028-02-01,7652.2,811.06,32.64,8.00%,0.67%,51.01,792.69,6859.51,10
45,2028-02-01,11945.49,701.33,50.95,8.00%,0.67%,79.64,672.64,11272.85,9
50,2028-02-01,2867.44,811.06,12.23,8.00%,0.67%,19.12,804.17,2063.27,4
46,2028-02-01,6064.92,811.06,25.87,8.00%,0.67%,40.43,796.5,5268.42,8
51,2028-03-01,2063.27,811.06,8.8,8.00%,0.67%,13.76,806.1,1257.16,4
45,2028-03-01,6859.51,811.06,29.26,8.00%,0.67%,45.73,794.59,6064.92,10
50,2028-03-01,8566.08,701.33,36.54,8.00%,0.67%,57.11,680.76,7885.32,5
46,2028-03-01,11272.85,701.33,48.08,8.00%,0.67%,75.15,674.26,10598.59,9
49,2028-03-01,3669.69,811.06,15.65,8.00%,0.67%,24.46,802.25,2867.44,6
48,2028-03-01,9922.71,701.33,42.32,8.00%,0.67%,66.15,677.5,9245.21,7
47,2028-03-01,5268.42,811.06,22.47,8.00%,0.67%,35.12,798.41,4470.02,8
51,2028-04-01,7885.32,701.33,33.63,8.00%,0.67%,52.57,682.39,7202.93,5
46,2028-04-01,6064.92,811.06,25.87,8.00%,0.67%,40.43,796.5,5268.42,10
47,2028-04-01,10598.59,701.33,45.21,8.00%,0.67%,70.66,675.88,9922.71,9
52,2028-04-01,1257.16,811.06,5.36,8.00%,0.67%,8.38,808.04,449.12,4
48,2028-04-01,4470.02,811.06,19.07,8.00%,0.67%,29.8,800.33,3669.69,8
50,2028-04-01,2867.44,811.06,12.23,8.00%,0.67%,19.12,804.17,2063.27,6
49,2028-04-01,9245.21,701.33,39.43,8.00%,0.67%,61.63,679.13,8566.08,7
53,2028-05-01,449.12,452.12,0.0,8.00%,0.67%,2.99,449.13,0.0,4
47,2028-05-01,5268.42,811.06,22.47,8.00%,0.67%,35.12,798.41,4470.02,10
48,2028-05-01,9922.71,701.33,42.32,8.00%,0.67%,66.15,677.5,9245.21,9
49,2028-05-01,3669.69,811.06,15.65,8.00%,0.67%,24.46,802.25,2867.44,8
51,2028-05-01,2063.27,811.06,8.8,8.00%,0.67%,13.76,806.1,1257.16,6
52,2028-05-01,7202.93,701.33,30.72,8.00%,0.67%,48.02,684.03,6518.9,5
50,2028-05-01,8566.08,701.33,36.54,8.00%,0.67%,57.11,680.76,7885.32,7
54,2028-06-01,0.0,0.0,0.0,0.00%,0.00%,0.0,0.0,0.0,4
48,2028-06-01,4470.02,811.06,19.07,8.00%,0.67%,29.8,800.33,3669.69,10
52,2028-06-01,1257.16,811.06,5.36,8.00%,0.67%,8.38,808.04,449.12,6
53,2028-06-01,6518.9,701.33,27.81,8.00%,0.67%,43.46,685.68,5833.22,5
49,2028-06-01,9245.21,701.33,39.43,8.00%,0.67%,61.63,679.13,8566.08,9
51,2028-06-01,7885.32,701.33,33.63,8.00%,0.67%,52.57,682.39,7202.93,7
50,2028-06-01,2867.44,811.06,12.23,8.00%,0.67%,19.12,804.17,2063.27,8
52,2028-07-01,7202.93,701.33,30.72,8.00%,0.67%,48.02,684.03,6518.9,7
49,2028-07-01,3669.69,811.06,15.65,8.00%,0.67%,24.46,802.25,2867.44,10
54,2028-07-01,5833.22,701.33,24.88,8.00%,0.67%,38.89,687.32,5145.89,5
53,2028-07-01,449.12,452.12,0.0,8.00%,0.67%,2.99,449.13,0.0,6
51,2028-07-01,2063.27,811.06,8.8,8.00%,0.67%,13.76,806.1,1257.16,8
55,2028-07-01,0.0,0.0,0.0,0.00%,0.00%,0.0,0.0,0.0,4
50,2028-07-01,8566.08,701.33,36.54,8.00%,0.67%,57.11,680.76,7885.32,9
50,2028-08-01,2867.44,811.06,12.23,8.00%,0.67%,19.12,804.17,2063.27,10
52,2028-08-01,1257.16,811.06,5.36,8.00%,0.67%,8.38,808.04,449.12,8
51,2028-08-01,7885.32,701.33,33.63,8.00%,0.67%,52.57,682.39,7202.93,9
56,2028-08-01,0.0,0.0,0.0,0.00%,0.00%,0.0,0.0,0.0,4
53,2028-08-01,6518.9,701.33,27.81,8.00%,0.67%,43.46,685.68,5833.22,7
54,2028-08-01,0.0,0.0,0.0,0.00%,0.00%,0.0,0.0,0.0,6
55,2028-08-01,5145.89,701.33,21.95,8.00%,0.67%,34.31,688.97,4456.92,5
51,2028-09-01,2063.27,811.06,8.8,8.00%,0.67%,13.76,806.1,1257.16,10
57,2028-09-01,0.0,0.0,0.0,0.00%,0.00%,0.0,0.0,0.0,4
54,2028-09-01,5833.22,701.33,24.88,8.00%,0.67%,38.89,687.32,5145.89,7
55,2028-09-01,0.0,0.0,0.0,0.00%,0.00%,0.0,0.0,0.0,6
52,2028-09-01,7202.93,701.33,30.72,8.00%,0.67%,48.02,684.03,6518.9,9
56,2028-09-01,4456.92,701.33,19.01,8.00%,0.67%,29.71,690.63,3766.29,5
53,2028-09-01,449.12,452.12,0.0,8.00%,0.67%,2.99,449.13,0.0,8
55,2028-10-01,5145.89,701.33,21.95,8.00%,0.67%,34.31,688.97,4456.92,7
57,2028-10-01,3766.29,701.33,16.06,8.00%,0.67%,25.11,692.28,3074.01,5
54,2028-10-01,0.0,0.0,0.0,0.00%,0.00%,0.0,0.0,0.0,8
56,2028-10-01,0.0,0.0,0.0,0.00%,0.00%,0.0,0.0,0.0,6
53,2028-10-01,6518.9,701.33,27.81,8.00%,0.67%,43.46,685.68,5833.22,9
52,2028-10-01,1257.16,811.06,5.36,8.00%,0.67%,8.38,808.04,449.12,10
58,2028-10-01,0.0,0.0,0.0,0.00%,0.00%,0.0,0.0,0.0,4
55,2028-11-01,0.0,0.0,0.0,0.00%,0.00%,0.0,0.0,0.0,8
58,2028-11-01,3074.01,701.33,13.11,8.00%,0.67%,20.49,693.95,2380.07,5
59,2028-11-01,0.0,0.0,0.0,0.00%,0.00%,0.0,0.0,0.0,4
53,2028-11-01,449.12,452.12,0.0,8.00%,0.67%,2.99,449.13,0.0,10
56,2028-11-01,4456.92,701.33,19.01,8.00%,0.67%,29.71,690.63,3766.29,7
57,2028-11-01,0.0,0.0,0.0,0.00%,0.00%,0.0,0.0,0.0,6
54,2028-11-01,5833.22,701.33,24.88,8.00%,0.67%,38.89,687.32,5145.89,9
54,2028-12-01,0.0,0.0,0.0,0.00%,0.00%,0.0,0.0,0.0,10
58,2028-12-01,0.0,0.0,0.0,0.00%,0.00%,0.0,0.0,0.0,6
59,2028-12-01,2380.07,701.33,10.15,8.00%,0.67%,15.87,695.61,1684.45,5
57,2028-12-01,3766.29,701.33,16.06,8.00%,0.67%,25.11,692.28,3074.01,7
60,2028-12-01,0.0,0.0,0.0,0.00%,0.00%,0.0,0.0,0.0,4
56,2028-12-01,0.0,0.0,0.0,0.00%,0.00%,0.0,0.0,0.0,8
55,2028-12-01,5145.89,701.33,21.95,8.00%,0.67%,34.31,688.97,4456.92,9
58,2029-01-01,3074.01,701.33,13.11,8.00%,0.67%,20.49,693.95,2380.07,7
59,2029-01-01,0.0,0.0,0.0,0.00%,0.00%,0.0,0.0,0.0,6
60,2029-01-01,1684.45,701.33,7.18,8.00%,0.67%,11.23,697.28,987.17,5
57,2029-01-01,0.0,0.0,0.0,0.00%,0.00%,0.0,0.0,0.0,8
56,2029-01-01,4456.92,701.33,19.01,8.00%,0.67%,29.71,690.63,3766.29,9
55,2029-01-01,0.0,0.0,0.0,0.00%,0.00%,0.0,0.0,0.0,10
61,2029-02-01,987.17,701.33,4.21,8.00%,0.67%,6.58,698.96,288.21,5
59,2029-02-01,2380.07,701.33,10.15,8.00%,0.67%,15.87,695.61,1684.45,7
57,2029-02-01,3766.29,701.33,16.06,8.00%,0.67%,25.11,692.28,3074.01,9
58,2029-02-01,0.0,0.0,0.0,0.00%,0.00%,0.0,0.0,0.0,8
60,2029-02-01,0.0,0.0,0.0,0.00%,0.00%,0.0,0.0,0.0,6
56,2029-02-01,0.0,0.0,0.0,0.00%,0.00%,0.0,0.0,0.0,10
60,2029-03-01,1684.45,701.33,7.18,8.00%,0.67%,11.23,697.28,987.17,7
58,2029-03-01,3074.01,701.33,13.11,8.00%,0.67%,20.49,693.95,2380.07,9
59,2029-03-01,0.0,0.0,0.0,0.00%,0.00%,0.0,0.0,0.0,8
62,2029-03-01,288.21,290.13,0.0,8.00%,0.67%,1.92,288.21,0.0,5
57,2029-03-01,0.0,0.0,0.0,0.00%,0.00%,0.0,0.0,0.0,10
61,2029-04-01,987.17,701.33,4.21,8.00%,0.67%,6.58,698.96,288.21,7
59,2029-04-01,2380.07,701.33,10.15,8.00%,0.67%,15.87,695.61,1684.45,9
63,2029-04-01,0.0,0.0,0.0,8.00%,0.67%,0.0,-0.0,0.0,5
60,2029-04-01,0.0,0.0,0.0,0.00%,0.00%,0.0,0.0,0.0,8
58,2029-04-01,0.0,0.0,0.0,0.00%,0.00%,0.0,0.0,0.0,10
60,2029-05-01,1684.45,701.33,7.18,8.00%,0.67%,11.23,697.28,987.17,9
59,2029-05-01,0.0,0.0,0.0,0.00%,0.00%,0.0,0.0,0.0,10
64,2029-05-01,0.0,0.0,0.0,8.00%,0.67%,0.0,-0.0,0.0,5
62,2029-05-01,288.21,290.13,0.0,8.00%,0.67%,1.92,288.21,0.0,7
60,2029-06-01,0.0,0.0,0.0,0.00%,0.00%,0.0,0.0,0.0,10
63,2029-06-01,0.0,0.0,0.0,8.00%,0.67%,0.0,-0.0,0.0,7
61,2029-06-01,987.17,701.33,4.21,8.00%,0.67%,6.58,698.96,288.21,9
65,2029-06-01,0.0,0.0,0.0,8.00%,0.67%,0.0,-0.0,0.0,5
66,2029-07-01,0.0,0.0,0.0,8.00%,0.67%,0.0,-0.0,0.0,5
64,2029-07-01,0.0,0.0,0.0,8.00%,0.67%,0.0,-0.0,0.0,7
62,2029-07-01,288.21,290.13,0.0,8.00%,0.67%,1.92,288.21,0.0,9
67,2029-08-01,0.0,0.0,0.0,8.00%,0.67%,0.0,-0.0,0.0,5
65,2029-08-01,0.0,0.0,0.0,8.00%,0.67%,0.0,-0.0,0.0,7
63,2029-08-01,0.0,0.0,0.0,8.00%,0.67%,0.0,-0.0,0.0,9
66,2029-09-01,0.0,0.0,0.0,8.00%,0.67%,0.0,-0.0,0.0,7
64,2029-09-01,0.0,0.0,0.0,8.00%,0.67%,0.0,-0.0,0.0,9
68,2029-09-01,0.0,0.0,0.0,8.00%,0.67%,0.0,-0.0,0.0,5
69,2029-10-01,0.0,0.0,0.0,8.00%,0.67%,0.0,-0.0,0.0,5
67,2029-10-01,0.0,0.0,0.0,8.00%,0.67%,0.0,-0.0,0.0,7
65,2029-10-01,0.0,0.0,0.0,8.00%,0.67%,0.0,-0.0,0.0,9
70,2029-11-01,0.0,0.0,0.0,8.00%,0.67%,0.0,-0.0,0.0,5
66,2029-11-01,0.0,0.0,0.0,8.00%,0.67%,0.0,-0.0,0.0,9
68,2029-11-01,0.0,0.0,0.0,8.00%,0.67%,0.0,-0.0,0.0,7
71,2029-12-01,0.0,0.0,0.0,8.00%,0.67%,0.0,-0.0,0.0,5
67,2029-12-01,0.0,0.0,0.0,8.00%,0.67%,0.0,-0.0,0.0,9
69,2029-12-01,0.0,0.0,0.0,8.00%,0.67%,0.0,-0.0,0.0,7
72,2030-01-01,0.0,0.0,0.0,8.00%,0.67%,0.0,-0.0,0.0,5
70,2030-01-01,0.0,0.0,0.0,8.00%,0.67%,0.0,-0.0,0.0,7
68,2030-01-01,0.0,0.0,0.0,8.00%,0.67%,0.0,-0.0,0.0,9
69,2030-02-01,0.0,0.0,0.0,8.00%,0.67%,0.0,-0.0,0.0,9
71,2030-02-01,0.0,0.0,0.0,8.00%,0.67%,0.0,-0.0,0.0,7
72,2030-03-01,0.0,0.0,0.0,8.00%,0.67%,0.0,-0.0,0.0,7
70,2030-03-01,0.0,0.0,0.0,8.00%,0.67%,0.0,-0.0,0.0,9
71,2030-04-01,0.0,0.0,0.0,8.00%,0.67%,0.0,-0.0,0.0,9
72,2030-05-01,0.0,0.0,0.0,8.00%,0.67%,0.0,-0.0,0.0,9
