period,day,month-year,date,opening_balance,payment,interest,principal,prepayment,new_origination,maturity,closing_balance
0,0,2024-01-01,2024-01-23,0.0,0.0,0.0,0.0,0.0,13000,0.0,13000.0
1,1,2024-01-01,2024-01-24,13000.0,0.0,0.0,0.0,0.0,0,0.0,13000.0
1,2,2024-01-01,2024-01-25,13000.0,0.0,0.0,0.0,0.0,0,0.0,13000.0
1,3,2024-01-01,2024-01-26,13000.0,0.0,0.0,0.0,0.0,0,0.0,13000.0
1,4,2024-01-01,2024-01-27,13000.0,0.0,0.0,0.0,0.0,0,0.0,13000.0
1,5,2024-01-01,2024-01-28,13000.0,0.0,0.0,0.0,0.0,0,0.0,13000.0
1,6,2024-01-01,2024-01-29,13000.0,0.0,0.0,0.0,0.0,0,0.0,13000.0
1,7,2024-01-01,2024-01-30,13000.0,0.0,0.0,0.0,0.0,0,0.0,13000.0
1,8,2024-01-01,2024-01-31,13000.0,0.0,0.0,0.0,0.0,0,0.0,13000.0
1,9,2024-02-01,2024-02-01,13000.0,0.0,0.0,0.0,0.0,0,0.0,13000.0
1,10,2024-02-01,2024-02-02,13000.0,0.0,0.0,0.0,0.0,0,0.0,13000.0
1,11,2024-02-01,2024-02-03,13000.0,0.0,0.0,0.0,0.0,0,0.0,13000.0
1,12,2024-02-01,2024-02-04,13000.0,0.0,0.0,0.0,0.0,0,0.0,13000.0
1,13,2024-02-01,2024-02-05,13000.0,0.0,0.0,0.0,0.0,0,0.0,13000.0
1,14,2024-02-01,2024-02-06,13000.0,0.0,0.0,0.0,0.0,0,0.0,13000.0
1,15,2024-02-01,2024-02-07,13000.0,0.0,0.0,0.0,0.0,0,0.0,13000.0
1,16,2024-02-01,2024-02-08,13000.0,0.0,0.0,0.0,0.0,0,0.0,13000.0
1,17,2024-02-01,2024-02-09,13000.0,0.0,0.0,0.0,0.0,0,0.0,13000.0
1,18,2024-02-01,2024-02-10,13000.0,0.0,0.0,0.0,0.0,0,0.0,13000.0
1,19,2024-02-01,2024-02-11,13000.0,0.0,0.0,0.0,0.0,0,0.0,13000.0
1,20,2024-02-01,2024-02-12,13000.0,0.0,0.0,0.0,0.0,0,0.0,13000.0
1,21,2024-02-01,2024-02-13,13000.0,0.0,0.0,0.0,0.0,0,0.0,13000.0
1,22,2024-02-01,2024-02-14,13000.0,0.0,0.0,0.0,0.0,0,0.0,13000.0
1,23,2024-02-01,2024-02-15,13000.0,0.0,0.0,0.0,0.0,0,0.0,13000.0
1,24,2024-02-01,2024-02-16,13000.0,0.0,0.0,0.0,0.0,0,0.0,13000.0
1,25,2024-02-01,2024-02-17,13000.0,0.0,0.0,0.0,0.0,0,0.0,13000.0
1,26,2024-02-01,2024-02-18,13000.0,0.0,0.0,0.0,0.0,0,0.0,13000.0
1,27,2024-02-01,2024-02-19,13000.0,0.0,0.0,0.0,0.0,0,0.0,13000.0
1,28,2024-02-01,2024-02-20,13000.0,0.0,0.0,0.0,0.0,0,0.0,13000.0
1,29,2024-02-01,2024-02-21,13000.0,0.0,0.0,0.0,0.0,0,0.0,13000.0
1,30,2024-02-01,2024-02-22,13000.0,0.0,0.0,0.0,0.0,0,0.0,13000.0
1,31,2024-02-01,2024-02-23,13000.0,513.07,24.97,488.1,25.0,0,0.0,12486.9
2,32,2024-02-01,2024-02-24,12486.9,0.0,0.0,0.0,0.0,0,0.0,12486.9
2,33,2024-02-01,2024-02-25,12486.9,0.0,0.0,0.0,0.0,0,0.0,12486.9
2,34,2024-02-01,2024-02-26,12486.9,0.0,0.0,0.0,0.0,0,0.0,12486.9
2,35,2024-02-01,2024-02-27,12486.9,0.0,0.0,0.0,0.0,0,0.0,12486.9
2,36,2024-02-01,2024-02-28,12486.9,0.0,0.0,0.0,0.0,0,0.0,12486.9
2,37,2024-02-01,2024-02-29,12486.9,0.0,0.0,0.0,0.0,0,0.0,12486.9
2,38,2024-03-01,2024-03-01,12486.9,0.0,0.0,0.0,0.0,0,0.0,12486.9
2,39,2024-03-01,2024-03-02,12486.9,0.0,0.0,0.0,0.0,0,0.0,12486.9
2,40,2024-03-01,2024-03-03,12486.9,0.0,0.0,0.0,0.0,0,0.0,12486.9
2,41,2024-03-01,2024-03-04,12486.9,0.0,0.0,0.0,0.0,0,0.0,12486.9
2,42,2024-03-01,2024-03-05,12486.9,0.0,0.0,0.0,0.0,0,0.0,12486.9
2,43,2024-03-01,2024-03-06,12486.9,0.0,0.0,0.0,0.0,0,0.0,12486.9
2,44,2024-03-01,2024-03-07,12486.9,0.0,0.0,0.0,0.0,0,0.0,12486.9
2,45,2024-03-01,2024-03-08,12486.9,0.0,0.0,0.0,0.0,0,0.0,12486.9
2,46,2024-03-01,2024-03-09,12486.9,0.0,0.0,0.0,0.0,0,0.0,12486.9
2,47,2024-03-01,2024-03-10,12486.9,0.0,0.0,0.0,0.0,0,0.0,12486.9
2,48,2024-03-01,2024-03-11,12486.9,0.0,0.0,0.0,0.0,0,0.0,12486.9
2,49,2024-03-01,2024-03-12,12486.9,0.0,0.0,0.0,0.0,0,0.0,12486.9
2,50,2024-03-01,2024-03-13,12486.9,0.0,0.0,0.0,0.0,0,0.0,12486.9
2,51,2024-03-01,2024-03-14,12486.9,0.0,0.0,0.0,0.0,0,0.0,12486.9
2,52,2024-03-01,2024-03-15,12486.9,0.0,0.0,0.0,0.0,0,0.0,12486.9
2,53,2024-03-01,2024-03-16,12486.9,0.0,0.0,0.0,0.0,0,0.0,12486.9
2,54,2024-03-01,2024-03-17,12486.9,0.0,0.0,0.0,0.0,0,0.0,12486.9
2,55,2024-03-01,2024-03-18,12486.9,0.0,0.0,0.0,0.0,0,0.0,12486.9
2,56,2024-03-01,2024-03-19,12486.9,0.0,0.0,0.0,0.0,0,0.0,12486.9
2,57,2024-03-01,2024-03-20,12486.9,0.0,0.0,0.0,0.0,0,0.0,12486.9
2,58,2024-03-01,2024-03-21,12486.9,0.0,0.0,0.0,0.0,0,0.0,12486.9
2,59,2024-03-01,2024-03-22,12486.9,0.0,0.0,0.0,0.0,0,0.0,12486.9
2,60,2024-03-01,2024-03-23,12486.9,513.07,23.99,489.08,24.01,0,0.0,11973.81
3,61,2024-03-01,2024-03-24,11973.81,0.0,0.0,0.0,0.0,0,0.0,11973.81
3,62,2024-03-01,2024-03-25,11973.81,0.0,0.0,0.0,0.0,0,0.0,11973.81
3,63,2024-03-01,2024-03-26,11973.81,0.0,0.0,0.0,0.0,0,0.0,11973.81
3,64,2024-03-01,2024-03-27,11973.81,0.0,0.0,0.0,0.0,0,0.0,11973.81
3,65,2024-03-01,2024-03-28,11973.81,0.0,0.0,0.0,0.0,0,0.0,11973.81
3,66,2024-03-01,2024-03-29,11973.81,0.0,0.0,0.0,0.0,0,0.0,11973.81
3,67,2024-03-01,2024-03-30,11973.81,0.0,0.0,0.0,0.0,0,0.0,11973.81
3,68,2024-03-01,2024-03-31,11973.81,0.0,0.0,0.0,0.0,0,0.0,11973.81
3,69,2024-04-01,2024-04-01,11973.81,0.0,0.0,0.0,0.0,0,0.0,11973.81
3,70,2024-04-01,2024-04-02,11973.81,0.0,0.0,0.0,0.0,0,0.0,11973.81
3,71,2024-04-01,2024-04-03,11973.81,0.0,0.0,0.0,0.0,0,0.0,11973.81
3,72,2024-04-01,2024-04-04,11973.81,0.0,0.0,0.0,0.0,0,0.0,11973.81
3,73,2024-04-01,2024-04-05,11973.81,0.0,0.0,0.0,0.0,0,0.0,11973.81
3,74,2024-04-01,2024-04-06,11973.81,0.0,0.0,0.0,0.0,0,0.0,11973.81
3,75,2024-04-01,2024-04-07,11973.81,0.0,0.0,0.0,0.0,0,0.0,11973.81
3,76,2024-04-01,2024-04-08,11973.81,0.0,0.0,0.0,0.0,0,0.0,11973.81
3,77,2024-04-01,2024-04-09,11973.81,0.0,0.0,0.0,0.0,0,0.0,11973.81
3,78,2024-04-01,2024-04-10,11973.81,0.0,0.0,0.0,0.0,0,0.0,11973.81
3,79,2024-04-01,2024-04-11,11973.81,0.0,0.0,0.0,0.0,0,0.0,11973.81
3,80,2024-04-01,2024-04-12,11973.81,0.0,0.0,0.0,0.0,0,0.0,11973.81
3,81,2024-04-01,2024-04-13,11973.81,0.0,0.0,0.0,0.0,0,0.0,11973.81
3,82,2024-04-01,2024-04-14,11973.81,0.0,0.0,0.0,0.0,0,0.0,11973.81
3,83,2024-04-01,2024-04-15,11973.81,0.0,0.0,0.0,0.0,0,0.0,11973.81
3,84,2024-04-01,2024-04-16,11973.81,0.0,0.0,0.0,0.0,0,0.0,11973.81
3,85,2024-04-01,2024-04-17,11973.81,0.0,0.0,0.0,0.0,0,0.0,11973.81
3,86,2024-04-01,2024-04-18,11973.81,0.0,0.0,0.0,0.0,0,0.0,11973.81
3,87,2024-04-01,2024-04-19,11973.81,0.0,0.0,0.0,0.0,0,0.0,11973.81
3,88,2024-04-01,2024-04-20,11973.81,0.0,0.0,0.0,0.0,0,0.0,11973.81
3,89,2024-04-01,2024-04-21,11973.81,0.0,0.0,0.0,0.0,0,0.0,11973.81
3,90,2024-04-01,2024-04-22,11973.81,0.0,0.0,0.0,0.0,0,0.0,11973.81
3,91,2024-04-01,2024-04-23,11973.81,513.07,23.0,490.07,23.03,0,0.0,11460.71
4,92,2024-04-01,2024-04-24,11460.71,0.0,0.0,0.0,0.0,0,0.0,11460.71
4,93,2024-04-01,2024-04-25,11460.71,0.0,0.0,0.0,0.0,0,0.0,11460.71
4,94,2024-04-01,2024-04-26,11460.71,0.0,0.0,0.0,0.0,0,0.0,11460.71
4,95,2024-04-01,2024-04-27,11460.71,0.0,0.0,0.0,0.0,0,0.0,11460.71
4,96,2024-04-01,2024-04-28,11460.71,0.0,0.0,0.0,0.0,0,0.0,11460.71
4,97,2024-04-01,2024-04-29,11460.71,0.0,0.0,0.0,0.0,0,0.0,11460.71
4,98,2024-04-01,2024-04-30,11460.71,0.0,0.0,0.0,0.0,0,0.0,11460.71
4,99,2024-05-01,2024-05-01,11460.71,0.0,0.0,0.0,0.0,0,0.0,11460.71
4,100,2024-05-01,2024-05-02,11460.71,0.0,0.0,0.0,0.0,0,0.0,11460.71
4,101,2024-05-01,2024-05-03,11460.71,0.0,0.0,0.0,0.0,0,0.0,11460.71
4,102,2024-05-01,2024-05-04,11460.71,0.0,0.0,0.0,0.0,0,0.0,11460.71
4,103,2024-05-01,2024-05-05,11460.71,0.0,0.0,0.0,0.0,0,0.0,11460.71
4,104,2024-05-01,2024-05-06,11460.71,0.0,0.0,0.0,0.0,0,0.0,11460.71
4,105,2024-05-01,2024-05-07,11460.71,0.0,0.0,0.0,0.0,0,0.0,11460.71
4,106,2024-05-01,2024-05-08,11460.71,0.0,0.0,0.0,0.0,0,0.0,11460.71
4,107,2024-05-01,2024-05-09,11460.71,0.0,0.0,0.0,0.0,0,0.0,11460.71
4,108,2024-05-01,2024-05-10,11460.71,0.0,0.0,0.0,0.0,0,0.0,11460.71
4,109,2024-05-01,2024-05-11,11460.71,0.0,0.0,0.0,0.0,0,0.0,11460.71
4,110,2024-05-01,2024-05-12,11460.71,0.0,0.0,0.0,0.0,0,0.0,11460.71
4,111,2024-05-01,2024-05-13,11460.71,0.0,0.0,0.0,0.0,0,0.0,11460.71
4,112,2024-05-01,2024-05-14,11460.71,0.0,0.0,0.0,0.0,0,0.0,11460.71
4,113,2024-05-01,2024-05-15,11460.71,0.0,0.0,0.0,0.0,0,0.0,11460.71
4,114,2024-05-01,2024-05-16,11460.71,0.0,0.0,0.0,0.0,0,0.0,11460.71
4,115,2024-05-01,2024-05-17,11460.71,0.0,0.0,0.0,0.0,0,0.0,11460.71
4,116,2024-05-01,2024-05-18,11460.71,0.0,0.0,0.0,0.0,0,0.0,11460.71
4,117,2024-05-01,2024-05-19,11460.71,0.0,0.0,0.0,0.0,0,0.0,11460.71
4,118,2024-05-01,2024-05-20,11460.71,0.0,0.0,0.0,0.0,0,0.0,11460.71
4,119,2024-05-01,2024-05-21,11460.71,0.0,0.0,0.0,0.0,0,0.0,11460.71
4,120,2024-05-01,2024-05-22,11460.71,0.0,0.0,0.0,0.0,0,0.0,11460.71
4,121,2024-05-01,2024-05-23,11460.71,513.07,22.02,491.05,22.04,0,0.0,10947.62
5,122,2024-05-01,2024-05-24,10947.62,0.0,0.0,0.0,0.0,0,0.0,10947.62
5,123,2024-05-01,2024-05-25,10947.62,0.0,0.0,0.0,0.0,0,0.0,10947.62
5,124,2024-05-01,2024-05-26,10947.62,0.0,0.0,0.0,0.0,0,0.0,10947.62
5,125,2024-05-01,2024-05-27,10947.62,0.0,0.0,0.0,0.0,0,0.0,10947.62
5,126,2024-05-01,2024-05-28,10947.62,0.0,0.0,0.0,0.0,0,0.0,10947.62
5,127,2024-05-01,2024-05-29,10947.62,0.0,0.0,0.0,0.0,0,0.0,10947.62
5,128,2024-05-01,2024-05-30,10947.62,0.0,0.0,0.0,0.0,0,0.0,10947.62
5,129,2024-05-01,2024-05-31,10947.62,0.0,0.0,0.0,0.0,0,0.0,10947.62
5,130,2024-06-01,2024-06-01,10947.62,0.0,0.0,0.0,0.0,0,0.0,10947.62
5,131,2024-06-01,2024-06-02,10947.62,0.0,0.0,0.0,0.0,0,0.0,10947.62
5,132,2024-06-01,2024-06-03,10947.62,0.0,0.0,0.0,0.0,0,0.0,10947.62
5,133,2024-06-01,2024-06-04,10947.62,0.0,0.0,0.0,0.0,0,0.0,10947.62
5,134,2024-06-01,2024-06-05,10947.62,0.0,0.0,0.0,0.0,0,0.0,10947.62
5,135,2024-06-01,2024-06-06,10947.62,0.0,0.0,0.0,0.0,0,0.0,10947.62
5,136,2024-06-01,2024-06-07,10947.62,0.0,0.0,0.0,0.0,0,0.0,10947.62
5,137,2024-06-01,2024-06-08,10947.62,0.0,0.0,0.0,0.0,0,0.0,10947.62
5,138,2024-06-01,2024-06-09,10947.62,0.0,0.0,0.0,0.0,0,0.0,10947.62
5,139,2024-06-01,2024-06-10,10947.62,0.0,0.0,0.0,0.0,0,0.0,10947.62
5,140,2024-06-01,2024-06-11,10947.62,0.0,0.0,0.0,0.0,0,0.0,10947.62
5,141,2024-06-01,2024-06-12,10947.62,0.0,0.0,0.0,0.0,0,0.0,10947.62
5,142,2024-06-01,2024-06-13,10947.62,0.0,0.0,0.0,0.0,0,0.0,10947.62
5,143,2024-06-01,2024-06-14,10947.62,0.0,0.0,0.0,0.0,0,0.0,10947.62
5,144,2024-06-01,2024-06-15,10947.62,0.0,0.0,0.0,0.0,0,0.0,10947.62
5,145,2024-06-01,2024-06-16,10947.62,0.0,0.0,0.0,0.0,0,0.0,10947.62
5,146,2024-06-01,2024-06-17,10947.62,0.0,0.0,0.0,0.0,0,0.0,10947.62
5,147,2024-06-01,2024-06-18,10947.62,0.0,0.0,0.0,0.0,0,0.0,10947.62
5,148,2024-06-01,2024-06-19,10947.62,0.0,0.0,0.0,0.0,0,0.0,10947.62
5,149,2024-06-01,2024-06-20,10947.62,0.0,0.0,0.0,0.0,0,0.0,10947.62
5,150,2024-06-01,2024-06-21,10947.62,0.0,0.0,0.0,0.0,0,0.0,10947.62
5,151,2024-06-01,2024-06-22,10947.62,0.0,0.0,0.0,0.0,0,0.0,10947.62
5,152,2024-06-01,2024-06-23,10947.62,513.07,21.03,492.04,21.05,0,0.0,10434.52
6,153,2024-06-01,2024-06-24,10434.52,0.0,0.0,0.0,0.0,0,0.0,10434.52
6,154,2024-06-01,2024-06-25,10434.52,0.0,0.0,0.0,0.0,0,0.0,10434.52
6,155,2024-06-01,2024-06-26,10434.52,0.0,0.0,0.0,0.0,0,0.0,10434.52
6,156,2024-06-01,2024-06-27,10434.52,0.0,0.0,0.0,0.0,0,0.0,10434.52
6,157,2024-06-01,2024-06-28,10434.52,0.0,0.0,0.0,0.0,0,0.0,10434.52
6,158,2024-06-01,2024-06-29,10434.52,0.0,0.0,0.0,0.0,0,0.0,10434.52
6,159,2024-06-01,2024-06-30,10434.52,0.0,0.0,0.0,0.0,0,0.0,10434.52
6,160,2024-07-01,2024-07-01,10434.52,0.0,0.0,0.0,0.0,0,0.0,10434.52
6,161,2024-07-01,2024-07-02,10434.52,0.0,0.0,0.0,0.0,0,0.0,10434.52
6,162,2024-07-01,2024-07-03,10434.52,0.0,0.0,0.0,0.0,0,0.0,10434.52
6,163,2024-07-01,2024-07-04,10434.52,0.0,0.0,0.0,0.0,0,0.0,10434.52
6,164,2024-07-01,2024-07-05,10434.52,0.0,0.0,0.0,0.0,0,0.0,10434.52
6,165,2024-07-01,2024-07-06,10434.52,0.0,0.0,0.0,0.0,0,0.0,10434.52
6,166,2024-07-01,2024-07-07,10434.52,0.0,0.0,0.0,0.0,0,0.0,10434.52
6,167,2024-07-01,2024-07-08,10434.52,0.0,0.0,0.0,0.0,0,0.0,10434.52
6,168,2024-07-01,2024-07-09,10434.52,0.0,0.0,0.0,0.0,0,0.0,10434.52
6,169,2024-07-01,2024-07-10,10434.52,0.0,0.0,0.0,0.0,0,0.0,10434.52
6,170,2024-07-01,2024-07-11,10434.52,0.0,0.0,0.0,0.0,0,0.0,10434.52
6,171,2024-07-01,2024-07-12,10434.52,0.0,0.0,0.0,0.0,0,0.0,10434.52
6,172,2024-07-01,2024-07-13,10434.52,0.0,0.0,0.0,0.0,0,0.0,10434.52
6,173,2024-07-01,2024-07-14,10434.52,0.0,0.0,0.0,0.0,0,0.0,10434.52
6,174,2024-07-01,2024-07-15,10434.52,0.0,0.0,0.0,0.0,0,0.0,10434.52
6,175,2024-07-01,2024-07-16,10434.52,0.0,0.0,0.0,0.0,0,0.0,10434.52
6,176,2024-07-01,2024-07-17,10434.52,0.0,0.0,0.0,0.0,0,0.0,10434.52
6,177,2024-07-01,2024-07-18,10434.52,0.0,0.0,0.0,0.0,0,0.0,10434.52
6,178,2024-07-01,2024-07-19,10434.52,0.0,0.0,0.0,0.0,0,0.0,10434.52
6,179,2024-07-01,2024-07-20,10434.52,0.0,0.0,0.0,0.0,0,0.0,10434.52
6,180,2024-07-01,2024-07-21,10434.52,0.0,0.0,0.0,0.0,0,0.0,10434.52
6,181,2024-07-01,2024-07-22,10434.52,0.0,0.0,0.0,0.0,0,0.0,10434.52
6,182,2024-07-01,2024-07-23,10434.52,513.07,20.04,493.03,20.07,0,0.0,9921.43
7,183,2024-07-01,2024-07-24,9921.43,0.0,0.0,0.0,0.0,0,0.0,9921.43
7,184,2024-07-01,2024-07-25,9921.43,0.0,0.0,0.0,0.0,0,0.0,9921.43
7,185,2024-07-01,2024-07-26,9921.43,0.0,0.0,0.0,0.0,0,0.0,9921.43
7,186,2024-07-01,2024-07-27,9921.43,0.0,0.0,0.0,0.0,0,0.0,9921.43
7,187,2024-07-01,2024-07-28,9921.43,0.0,0.0,0.0,0.0,0,0.0,9921.43
7,188,2024-07-01,2024-07-29,9921.43,0.0,0.0,0.0,0.0,0,0.0,9921.43
7,189,2024-07-01,2024-07-30,9921.43,0.0,0.0,0.0,0.0,0,0.0,9921.43
7,190,2024-07-01,2024-07-31,9921.43,0.0,0.0,0.0,0.0,0,0.0,9921.43
7,191,2024-08-01,2024-08-01,9921.43,0.0,0.0,0.0,0.0,0,0.0,9921.43
7,192,2024-08-01,2024-08-02,9921.43,0.0,0.0,0.0,0.0,0,0.0,9921.43
7,193,2024-08-01,2024-08-03,9921.43,0.0,0.0,0.0,0.0,0,0.0,9921.43
7,194,2024-08-01,2024-08-04,9921.43,0.0,0.0,0.0,0.0,0,0.0,9921.43
7,195,2024-08-01,2024-08-05,9921.43,0.0,0.0,0.0,0.0,0,0.0,9921.43
7,196,2024-08-01,2024-08-06,9921.43,0.0,0.0,0.0,0.0,0,0.0,9921.43
7,197,2024-08-01,2024-08-07,9921.43,0.0,0.0,0.0,0.0,0,0.0,9921.43
7,198,2024-08-01,2024-08-08,9921.43,0.0,0.0,0.0,0.0,0,0.0,9921.43
7,199,2024-08-01,2024-08-09,9921.43,0.0,0.0,0.0,0.0,0,0.0,9921.43
7,200,2024-08-01,2024-08-10,9921.43,0.0,0.0,0.0,0.0,0,0.0,9921.43
7,201,2024-08-01,2024-08-11,9921.43,0.0,0.0,0.0,0.0,0,0.0,9921.43
7,202,2024-08-01,2024-08-12,9921.43,0.0,0.0,0.0,0.0,0,0.0,9921.43
7,203,2024-08-01,2024-08-13,9921.43,0.0,0.0,0.0,0.0,0,0.0,9921.43
7,204,2024-08-01,2024-08-14,9921.43,0.0,0.0,0.0,0.0,0,0.0,9921.43
7,205,2024-08-01,2024-08-15,9921.43,0.0,0.0,0.0,0.0,0,0.0,9921.43
7,206,2024-08-01,2024-08-16,9921.43,0.0,0.0,0.0,0.0,0,0.0,9921.43
7,207,2024-08-01,2024-08-17,9921.43,0.0,0.0,0.0,0.0,0,0.0,9921.43
7,208,2024-08-01,2024-08-18,9921.43,0.0,0.0,0.0,0.0,0,0.0,9921.43
7,209,2024-08-01,2024-08-19,9921.43,0.0,0.0,0.0,0.0,0,0.0,9921.43
7,210,2024-08-01,2024-08-20,9921.43,0.0,0.0,0.0,0.0,0,0.0,9921.43
7,211,2024-08-01,2024-08-21,9921.43,0.0,0.0,0.0,0.0,0,0.0,9921.43
7,212,2024-08-01,2024-08-22,9921.43,0.0,0.0,0.0,0.0,0,0.0,9921.43
7,213,2024-08-01,2024-08-23,9921.43,513.07,19.06,494.01,19.08,0,0.0,9408.34
8,214,2024-08-01,2024-08-24,9408.34,0.0,0.0,0.0,0.0,0,0.0,9408.34
8,215,2024-08-01,2024-08-25,9408.34,0.0,0.0,0.0,0.0,0,0.0,9408.34
8,216,2024-08-01,2024-08-26,9408.34,0.0,0.0,0.0,0.0,0,0.0,9408.34
8,217,2024-08-01,2024-08-27,9408.34,0.0,0.0,0.0,0.0,0,0.0,9408.34
8,218,2024-08-01,2024-08-28,9408.34,0.0,0.0,0.0,0.0,0,0.0,9408.34
8,219,2024-08-01,2024-08-29,9408.34,0.0,0.0,0.0,0.0,0,0.0,9408.34
8,220,2024-08-01,2024-08-30,9408.34,0.0,0.0,0.0,0.0,0,0.0,9408.34
8,221,2024-08-01,2024-08-31,9408.34,0.0,0.0,0.0,0.0,0,0.0,9408.34
8,222,2024-09-01,2024-09-01,9408.34,0.0,0.0,0.0,0.0,0,0.0,9408.34
8,223,2024-09-01,2024-09-02,9408.34,0.0,0.0,0.0,0.0,0,0.0,9408.34
8,224,2024-09-01,2024-09-03,9408.34,0.0,0.0,0.0,0.0,0,0.0,9408.34
8,225,2024-09-01,2024-09-04,9408.34,0.0,0.0,0.0,0.0,0,0.0,9408.34
8,226,2024-09-01,2024-09-05,9408.34,0.0,0.0,0.0,0.0,0,0.0,9408.34
8,227,2024-09-01,2024-09-06,9408.34,0.0,0.0,0.0,0.0,0,0.0,9408.34
8,228,2024-09-01,2024-09-07,9408.34,0.0,0.0,0.0,0.0,0,0.0,9408.34
8,229,2024-09-01,2024-09-08,9408.34,0.0,0.0,0.0,0.0,0,0.0,9408.34
8,230,2024-09-01,2024-09-09,9408.34,0.0,0.0,0.0,0.0,0,0.0,9408.34
8,231,2024-09-01,2024-09-10,9408.34,0.0,0.0,0.0,0.0,0,0.0,9408.34
8,232,2024-09-01,2024-09-11,9408.34,0.0,0.0,0.0,0.0,0,0.0,9408.34
8,233,2024-09-01,2024-09-12,9408.34,0.0,0.0,0.0,0.0,0,0.0,9408.34
8,234,2024-09-01,2024-09-13,9408.34,0.0,0.0,0.0,0.0,0,0.0,9408.34
8,235,2024-09-01,2024-09-14,9408.34,0.0,0.0,0.0,0.0,0,0.0,9408.34
8,236,2024-09-01,2024-09-15,9408.34,0.0,0.0,0.0,0.0,0,0.0,9408.34
8,237,2024-09-01,2024-09-16,9408.34,0.0,0.0,0.0,0.0,0,0.0,9408.34
8,238,2024-09-01,2024-09-17,9408.34,0.0,0.0,0.0,0.0,0,0.0,9408.34
8,239,2024-09-01,2024-09-18,9408.34,0.0,0.0,0.0,0.0,0,0.0,9408.34
8,240,2024-09-01,2024-09-19,9408.34,0.0,0.0,0.0,0.0,0,0.0,9408.34
8,241,2024-09-01,2024-09-20,9408.34,0.0,0.0,0.0,0.0,0,0.0,9408.34
8,242,2024-09-01,2024-09-21,9408.34,0.0,0.0,0.0,0.0,0,0.0,9408.34
8,243,2024-09-01,2024-09-22,9408.34,0.0,0.0,0.0,0.0,0,0.0,9408.34
8,244,2024-09-01,2024-09-23,9408.34,513.07,18.07,495.0,18.09,0,0.0,8895.25
9,245,2024-09-01,2024-09-24,8895.25,0.0,0.0,0.0,0.0,0,0.0,8895.25
9,246,2024-09-01,2024-09-25,8895.25,0.0,0.0,0.0,0.0,0,0.0,8895.25
9,247,2024-09-01,2024-09-26,8895.25,0.0,0.0,0.0,0.0,0,0.0,8895.25
9,248,2024-09-01,2024-09-27,8895.25,0.0,0.0,0.0,0.0,0,0.0,8895.25
9,249,2024-09-01,2024-09-28,8895.25,0.0,0.0,0.0,0.0,0,0.0,8895.25
9,250,2024-09-01,2024-09-29,8895.25,0.0,0.0,0.0,0.0,0,0.0,8895.25
9,251,2024-09-01,2024-09-30,8895.25,0.0,0.0,0.0,0.0,0,0.0,8895.25
9,252,2024-10-01,2024-10-01,8895.25,0.0,0.0,0.0,0.0,0,0.0,8895.25
9,253,2024-10-01,2024-10-02,8895.25,0.0,0.0,0.0,0.0,0,0.0,8895.25
9,254,2024-10-01,2024-10-03,8895.25,0.0,0.0,0.0,0.0,0,0.0,8895.25
9,255,2024-10-01,2024-10-04,8895.25,0.0,0.0,0.0,0.0,0,0.0,8895.25
9,256,2024-10-01,2024-10-05,8895.25,0.0,0.0,0.0,0.0,0,0.0,8895.25
9,257,2024-10-01,2024-10-06,8895.25,0.0,0.0,0.0,0.0,0,0.0,8895.25
9,258,2024-10-01,2024-10-07,8895.25,0.0,0.0,0.0,0.0,0,0.0,8895.25
9,259,2024-10-01,2024-10-08,8895.25,0.0,0.0,0.0,0.0,0,0.0,8895.25
9,260,2024-10-01,2024-10-09,8895.25,0.0,0.0,0.0,0.0,0,0.0,8895.25
9,261,2024-10-01,2024-10-10,8895.25,0.0,0.0,0.0,0.0,0,0.0,8895.25
9,262,2024-10-01,2024-10-11,8895.25,0.0,0.0,0.0,0.0,0,0.0,8895.25
9,263,2024-10-01,2024-10-12,8895.25,0.0,0.0,0.0,0.0,0,0.0,8895.25
9,264,2024-10-01,2024-10-13,8895.25,0.0,0.0,0.0,0.0,0,0.0,8895.25
9,265,2024-10-01,2024-10-14,8895.25,0.0,0.0,0.0,0.0,0,0.0,8895.25
9,266,2024-10-01,2024-10-15,8895.25,0.0,0.0,0.0,0.0,0,0.0,8895.25
9,267,2024-10-01,2024-10-16,8895.25,0.0,0.0,0.0,0.0,0,0.0,8895.25
9,268,2024-10-01,2024-10-17,8895.25,0.0,0.0,0.0,0.0,0,0.0,8895.25
9,269,2024-10-01,2024-10-18,8895.25,0.0,0.0,0.0,0.0,0,0.0,8895.25
9,270,2024-10-01,2024-10-19,8895.25,0.0,0.0,0.0,0.0,0,0.0,8895.25
9,271,2024-10-01,2024-10-20,8895.25,0.0,0.0,0.0,0.0,0,0.0,8895.25
9,272,2024-10-01,2024-10-21,8895.25,0.0,0.0,0.0,0.0,0,0.0,8895.25
9,273,2024-10-01,2024-10-22,8895.25,0.0,0.0,0.0,0.0,0,0.0,8895.25
9,274,2024-10-01,2024-10-23,8895.25,513.07,17.09,495.98,17.11,0,0.0,8382.16
10,275,2024-10-01,2024-10-24,8382.16,0.0,0.0,0.0,0.0,0,0.0,8382.16
10,276,2024-10-01,2024-10-25,8382.16,0.0,0.0,0.0,0.0,0,0.0,8382.16
10,277,2024-10-01,2024-10-26,8382.16,0.0,0.0,0.0,0.0,0,0.0,8382.16
10,278,2024-10-01,2024-10-27,8382.16,0.0,0.0,0.0,0.0,0,0.0,8382.16
10,279,2024-10-01,2024-10-28,8382.16,0.0,0.0,0.0,0.0,0,0.0,8382.16
10,280,2024-10-01,2024-10-29,8382.16,0.0,0.0,0.0,0.0,0,0.0,8382.16
10,281,2024-10-01,2024-10-30,8382.16,0.0,0.0,0.0,0.0,0,0.0,8382.16
10,282,2024-10-01,2024-10-31,8382.16,0.0,0.0,0.0,0.0,0,0.0,8382.16
10,283,2024-11-01,2024-11-01,8382.16,0.0,0.0,0.0,0.0,0,0.0,8382.16
10,284,2024-11-01,2024-11-02,8382.16,0.0,0.0,0.0,0.0,0,0.0,8382.16
10,285,2024-11-01,2024-11-03,8382.16,0.0,0.0,0.0,0.0,0,0.0,8382.16
10,286,2024-11-01,2024-11-04,8382.16,0.0,0.0,0.0,0.0,0,0.0,8382.16
10,287,2024-11-01,2024-11-05,8382.16,0.0,0.0,0.0,0.0,0,0.0,8382.16
10,288,2024-11-01,2024-11-06,8382.16,0.0,0.0,0.0,0.0,0,0.0,8382.16
10,289,2024-11-01,2024-11-07,8382.16,0.0,0.0,0.0,0.0,0,0.0,8382.16
10,290,2024-11-01,2024-11-08,8382.16,0.0,0.0,0.0,0.0,0,0.0,8382.16
10,291,2024-11-01,2024-11-09,8382.16,0.0,0.0,0.0,0.0,0,0.0,8382.16
10,292,2024-11-01,2024-11-10,8382.16,0.0,0.0,0.0,0.0,0,0.0,8382.16
10,293,2024-11-01,2024-11-11,8382.16,0.0,0.0,0.0,0.0,0,0.0,8382.16
10,294,2024-11-01,2024-11-12,8382.16,0.0,0.0,0.0,0.0,0,0.0,8382.16
10,295,2024-11-01,2024-11-13,8382.16,0.0,0.0,0.0,0.0,0,0.0,8382.16
10,296,2024-11-01,2024-11-14,8382.16,0.0,0.0,0.0,0.0,0,0.0,8382.16
10,297,2024-11-01,2024-11-15,8382.16,0.0,0.0,0.0,0.0,0,0.0,8382.16
10,298,2024-11-01,2024-11-16,8382.16,0.0,0.0,0.0,0.0,0,0.0,8382.16
10,299,2024-11-01,2024-11-17,8382.16,0.0,0.0,0.0,0.0,0,0.0,8382.16
10,300,2024-11-01,2024-11-18,8382.16,0.0,0.0,0.0,0.0,0,0.0,8382.16
10,301,2024-11-01,2024-11-19,8382.16,0.0,0.0,0.0,0.0,0,0.0,8382.16
10,302,2024-11-01,2024-11-20,8382.16,0.0,0.0,0.0,0.0,0,0.0,8382.16
10,303,2024-11-01,2024-11-21,8382.16,0.0,0.0,0.0,0.0,0,0.0,8382.16
10,304,2024-11-01,2024-11-22,8382.16,0.0,0.0,0.0,0.0,0,0.0,8382.16
10,305,2024-11-01,2024-11-23,8382.16,513.07,16.1,496.97,16.12,0,0.0,7869.07
11,306,2024-11-01,2024-11-24,7869.07,0.0,0.0,0.0,0.0,0,0.0,7869.07
11,307,2024-11-01,2024-11-25,7869.07,0.0,0.0,0.0,0.0,0,0.0,7869.07
11,308,2024-11-01,2024-11-26,7869.07,0.0,0.0,0.0,0.0,0,0.0,7869.07
11,309,2024-11-01,2024-11-27,7869.07,0.0,0.0,0.0,0.0,0,0.0,7869.07
11,310,2024-11-01,2024-11-28,7869.07,0.0,0.0,0.0,0.0,0,0.0,7869.07
11,311,2024-11-01,2024-11-29,7869.07,0.0,0.0,0.0,0.0,0,0.0,7869.07
11,312,2024-11-01,2024-11-30,7869.07,0.0,0.0,0.0,0.0,0,0.0,7869.07
11,313,2024-12-01,2024-12-01,7869.07,0.0,0.0,0.0,0.0,0,0.0,7869.07
11,314,2024-12-01,2024-12-02,7869.07,0.0,0.0,0.0,0.0,0,0.0,7869.07
11,315,2024-12-01,2024-12-03,7869.07,0.0,0.0,0.0,0.0,0,0.0,7869.07
11,316,2024-12-01,2024-12-04,7869.07,0.0,0.0,0.0,0.0,0,0.0,7869.07
11,317,2024-12-01,2024-12-05,7869.07,0.0,0.0,0.0,0.0,0,0.0,7869.07
11,318,2024-12-01,2024-12-06,7869.07,0.0,0.0,0.0,0.0,0,0.0,7869.07
11,319,2024-12-01,2024-12-07,7869.07,0.0,0.0,0.0,0.0,0,0.0,7869.07
11,320,2024-12-01,2024-12-08,7869.07,0.0,0.0,0.0,0.0,0,0.0,7869.07
11,321,2024-12-01,2024-12-09,7869.07,0.0,0.0,0.0,0.0,0,0.0,7869.07
11,322,2024-12-01,2024-12-10,7869.07,0.0,0.0,0.0,0.0,0,0.0,7869.07
11,323,2024-12-01,2024-12-11,7869.07,0.0,0.0,0.0,0.0,0,0.0,7869.07
11,324,2024-12-01,2024-12-12,7869.07,0.0,0.0,0.0,0.0,0,0.0,7869.07
11,325,2024-12-01,2024-12-13,7869.07,0.0,0.0,0.0,0.0,0,0.0,7869.07
11,326,2024-12-01,2024-12-14,7869.07,0.0,0.0,0.0,0.0,0,0.0,7869.07
11,327,2024-12-01,2024-12-15,7869.07,0.0,0.0,0.0,0.0,0,0.0,7869.07
11,328,2024-12-01,2024-12-16,7869.07,0.0,0.0,0.0,0.0,0,0.0,7869.07
11,329,2024-12-01,2024-12-17,7869.07,0.0,0.0,0.0,0.0,0,0.0,7869.07
11,330,2024-12-01,2024-12-18,7869.07,0.0,0.0,0.0,0.0,0,0.0,7869.07
11,331,2024-12-01,2024-12-19,7869.07,0.0,0.0,0.0,0.0,0,0.0,7869.07
11,332,2024-12-01,2024-12-20,7869.07,0.0,0.0,0.0,0.0,0,0.0,7869.07
11,333,2024-12-01,2024-12-21,7869.07,0.0,0.0,0.0,0.0,0,0.0,7869.07
11,334,2024-12-01,2024-12-22,7869.07,0.0,0.0,0.0,0.0,0,0.0,7869.07
11,335,2024-12-01,2024-12-23,7869.07,513.07,15.12,497.95,15.13,0,0.0,7355.98
12,336,2024-12-01,2024-12-24,7355.98,0.0,0.0,0.0,0.0,0,0.0,7355.98
12,337,2024-12-01,2024-12-25,7355.98,0.0,0.0,0.0,0.0,0,0.0,7355.98
12,338,2024-12-01,2024-12-26,7355.98,0.0,0.0,0.0,0.0,0,0.0,7355.98
12,339,2024-12-01,2024-12-27,7355.98,0.0,0.0,0.0,0.0,0,0.0,7355.98
12,340,2024-12-01,2024-12-28,7355.98,0.0,0.0,0.0,0.0,0,0.0,7355.98
12,341,2024-12-01,2024-12-29,7355.98,0.0,0.0,0.0,0.0,0,0.0,7355.98
12,342,2024-12-01,2024-12-30,7355.98,0.0,0.0,0.0,0.0,0,0.0,7355.98
12,343,2024-12-01,2024-12-31,7355.98,0.0,0.0,0.0,0.0,0,0.0,7355.98
12,344,2025-01-01,2025-01-01,7355.98,0.0,0.0,0.0,0.0,0,0.0,7355.98
12,345,2025-01-01,2025-01-02,7355.98,0.0,0.0,0.0,0.0,0,0.0,7355.98
12,346,2025-01-01,2025-01-03,7355.98,0.0,0.0,0.0,0.0,0,0.0,7355.98
12,347,2025-01-01,2025-01-04,7355.98,0.0,0.0,0.0,0.0,0,0.0,7355.98
12,348,2025-01-01,2025-01-05,7355.98,0.0,0.0,0.0,0.0,0,0.0,7355.98
12,349,2025-01-01,2025-01-06,7355.98,0.0,0.0,0.0,0.0,0,0.0,7355.98
12,350,2025-01-01,2025-01-07,7355.98,0.0,0.0,0.0,0.0,0,0.0,7355.98
12,351,2025-01-01,2025-01-08,7355.98,0.0,0.0,0.0,0.0,0,0.0,7355.98
12,352,2025-01-01,2025-01-09,7355.98,0.0,0.0,0.0,0.0,0,0.0,7355.98
12,353,2025-01-01,2025-01-10,7355.98,0.0,0.0,0.0,0.0,0,0.0,7355.98
12,354,2025-01-01,2025-01-11,7355.98,0.0,0.0,0.0,0.0,0,0.0,7355.98
12,355,2025-01-01,2025-01-12,7355.98,0.0,0.0,0.0,0.0,0,0.0,7355.98
12,356,2025-01-01,2025-01-13,7355.98,0.0,0.0,0.0,0.0,0,0.0,7355.98
12,357,2025-01-01,2025-01-14,7355.98,0.0,0.0,0.0,0.0,0,0.0,7355.98
12,358,2025-01-01,2025-01-15,7355.98,0.0,0.0,0.0,0.0,0,0.0,7355.98
12,359,2025-01-01,2025-01-16,7355.98,0.0,0.0,0.0,0.0,0,0.0,7355.98
12,360,2025-01-01,2025-01-17,7355.98,0.0,0.0,0.0,0.0,0,0.0,7355.98
12,361,2025-01-01,2025-01-18,7355.98,0.0,0.0,0.0,0.0,0,0.0,7355.98
12,362,2025-01-01,2025-01-19,7355.98,0.0,0.0,0.0,0.0,0,0.0,7355.98
12,363,2025-01-01,2025-01-20,7355.98,0.0,0.0,0.0,0.0,0,0.0,7355.98
12,364,2025-01-01,2025-01-21,7355.98,0.0,0.0,0.0,0.0,0,0.0,7355.98
12,365,2025-01-01,2025-01-22,7355.98,0.0,0.0,0.0,0.0,0,0.0,7355.98
12,366,2025-01-01,2025-01-23,7355.98,513.07,14.13,498.94,14.15,0,0.0,6842.9
13,367,2025-01-01,2025-01-24,6842.9,0.0,0.0,0.0,0.0,0,0.0,6842.9
13,368,2025-01-01,2025-01-25,6842.9,0.0,0.0,0.0,0.0,0,0.0,6842.9
13,369,2025-01-01,2025-01-26,6842.9,0.0,0.0,0.0,0.0,0,0.0,6842.9
13,370,2025-01-01,2025-01-27,6842.9,0.0,0.0,0.0,0.0,0,0.0,6842.9
13,371,2025-01-01,2025-01-28,6842.9,0.0,0.0,0.0,0.0,0,0.0,6842.9
13,372,2025-01-01,2025-01-29,6842.9,0.0,0.0,0.0,0.0,0,0.0,6842.9
13,373,2025-01-01,2025-01-30,6842.9,0.0,0.0,0.0,0.0,0,0.0,6842.9
13,374,2025-01-01,2025-01-31,6842.9,0.0,0.0,0.0,0.0,0,0.0,6842.9
13,375,2025-02-01,2025-02-01,6842.9,0.0,0.0,0.0,0.0,0,0.0,6842.9
13,376,2025-02-01,2025-02-02,6842.9,0.0,0.0,0.0,0.0,0,0.0,6842.9
13,377,2025-02-01,2025-02-03,6842.9,0.0,0.0,0.0,0.0,0,0.0,6842.9
13,378,2025-02-01,2025-02-04,6842.9,0.0,0.0,0.0,0.0,0,0.0,6842.9
13,379,2025-02-01,2025-02-05,6842.9,0.0,0.0,0.0,0.0,0,0.0,6842.9
13,380,2025-02-01,2025-02-06,6842.9,0.0,0.0,0.0,0.0,0,0.0,6842.9
13,381,2025-02-01,2025-02-07,6842.9,0.0,0.0,0.0,0.0,0,0.0,6842.9
13,382,2025-02-01,2025-02-08,6842.9,0.0,0.0,0.0,0.0,0,0.0,6842.9
13,383,2025-02-01,2025-02-09,6842.9,0.0,0.0,0.0,0.0,0,0.0,6842.9
13,384,2025-02-01,2025-02-10,6842.9,0.0,0.0,0.0,0.0,0,0.0,6842.9
13,385,2025-02-01,2025-02-11,6842.9,0.0,0.0,0.0,0.0,0,0.0,6842.9
13,386,2025-02-01,2025-02-12,6842.9,0.0,0.0,0.0,0.0,0,0.0,6842.9
13,387,2025-02-01,2025-02-13,6842.9,0.0,0.0,0.0,0.0,0,0.0,6842.9
13,388,2025-02-01,2025-02-14,6842.9,0.0,0.0,0.0,0.0,0,0.0,6842.9
13,389,2025-02-01,2025-02-15,6842.9,0.0,0.0,0.0,0.0,0,0.0,6842.9
13,390,2025-02-01,2025-02-16,6842.9,0.0,0.0,0.0,0.0,0,0.0,6842.9
13,391,2025-02-01,2025-02-17,6842.9,0.0,0.0,0.0,0.0,0,0.0,6842.9
13,392,2025-02-01,2025-02-18,6842.9,0.0,0.0,0.0,0.0,0,0.0,6842.9
13,393,2025-02-01,2025-02-19,6842.9,0.0,0.0,0.0,0.0,0,0.0,6842.9
13,394,2025-02-01,2025-02-20,6842.9,0.0,0.0,0.0,0.0,0,0.0,6842.9
13,395,2025-02-01,2025-02-21,6842.9,0.0,0.0,0.0,0.0,0,0.0,6842.9
13,396,2025-02-01,2025-02-22,6842.9,0.0,0.0,0.0,0.0,0,0.0,6842.9
13,397,2025-02-01,2025-02-23,6842.9,513.07,13.14,499.93,13.16,0,0.0,6329.81
14,398,2025-02-01,2025-02-24,6329.81,0.0,0.0,0.0,0.0,0,0.0,6329.81
14,399,2025-02-01,2025-02-25,6329.81,0.0,0.0,0.0,0.0,0,0.0,6329.81
14,400,2025-02-01,2025-02-26,6329.81,0.0,0.0,0.0,0.0,0,0.0,6329.81
14,401,2025-02-01,2025-02-27,6329.81,0.0,0.0,0.0,0.0,0,0.0,6329.81
14,402,2025-02-01,2025-02-28,6329.81,0.0,0.0,0.0,0.0,0,0.0,6329.81
14,403,2025-03-01,2025-03-01,6329.81,0.0,0.0,0.0,0.0,0,0.0,6329.81
14,404,2025-03-01,2025-03-02,6329.81,0.0,0.0,0.0,0.0,0,0.0,6329.81
14,405,2025-03-01,2025-03-03,6329.81,0.0,0.0,0.0,0.0,0,0.0,6329.81
14,406,2025-03-01,2025-03-04,6329.81,0.0,0.0,0.0,0.0,0,0.0,6329.81
14,407,2025-03-01,2025-03-05,6329.81,0.0,0.0,0.0,0.0,0,0.0,6329.81
14,408,2025-03-01,2025-03-06,6329.81,0.0,0.0,0.0,0.0,0,0.0,6329.81
14,409,2025-03-01,2025-03-07,6329.81,0.0,0.0,0.0,0.0,0,0.0,6329.81
14,410,2025-03-01,2025-03-08,6329.81,0.0,0.0,0.0,0.0,0,0.0,6329.81
14,411,2025-03-01,2025-03-09,6329.81,0.0,0.0,0.0,0.0,0,0.0,6329.81
14,412,2025-03-01,2025-03-10,6329.81,0.0,0.0,0.0,0.0,0,0.0,6329.81
14,413,2025-03-01,2025-03-11,6329.81,0.0,0.0,0.0,0.0,0,0.0,6329.81
14,414,2025-03-01,2025-03-12,6329.81,0.0,0.0,0.0,0.0,0,0.0,6329.81
14,415,2025-03-01,2025-03-13,6329.81,0.0,0.0,0.0,0.0,0,0.0,6329.81
14,416,2025-03-01,2025-03-14,6329.81,0.0,0.0,0.0,0.0,0,0.0,6329.81
14,417,2025-03-01,2025-03-15,6329.81,0.0,0.0,0.0,0.0,0,0.0,6329.81
14,418,2025-03-01,2025-03-16,6329.81,0.0,0.0,0.0,0.0,0,0.0,6329.81
14,419,2025-03-01,2025-03-17,6329.81,0.0,0.0,0.0,0.0,0,0.0,6329.81
14,420,2025-03-01,2025-03-18,6329.81,0.0,0.0,0.0,0.0,0,0.0,6329.81
14,421,2025-03-01,2025-03-19,6329.81,0.0,0.0,0.0,0.0,0,0.0,6329.81
14,422,2025-03-01,2025-03-20,6329.81,0.0,0.0,0.0,0.0,0,0.0,6329.81
14,423,2025-03-01,2025-03-21,6329.81,0.0,0.0,0.0,0.0,0,0.0,6329.81
14,424,2025-03-01,2025-03-22,6329.81,0.0,0.0,0.0,0.0,0,0.0,6329.81
14,425,2025-03-01,2025-03-23,6329.81,513.07,12.16,500.91,12.17,0,0.0,5816.73
15,426,2025-03-01,2025-03-24,5816.73,0.0,0.0,0.0,0.0,0,0.0,5816.73
15,427,2025-03-01,2025-03-25,5816.73,0.0,0.0,0.0,0.0,0,0.0,5816.73
15,428,2025-03-01,2025-03-26,5816.73,0.0,0.0,0.0,0.0,0,0.0,5816.73
15,429,2025-03-01,2025-03-27,5816.73,0.0,0.0,0.0,0.0,0,0.0,5816.73
15,430,2025-03-01,2025-03-28,5816.73,0.0,0.0,0.0,0.0,0,0.0,5816.73
15,431,2025-03-01,2025-03-29,5816.73,0.0,0.0,0.0,0.0,0,0.0,5816.73
15,432,2025-03-01,2025-03-30,5816.73,0.0,0.0,0.0,0.0,0,0.0,5816.73
15,433,2025-03-01,2025-03-31,5816.73,0.0,0.0,0.0,0.0,0,0.0,5816.73
15,434,2025-04-01,2025-04-01,5816.73,0.0,0.0,0.0,0.0,0,0.0,5816.73
15,435,2025-04-01,2025-04-02,5816.73,0.0,0.0,0.0,0.0,0,0.0,5816.73
15,436,2025-04-01,2025-04-03,5816.73,0.0,0.0,0.0,0.0,0,0.0,5816.73
15,437,2025-04-01,2025-04-04,5816.73,0.0,0.0,0.0,0.0,0,0.0,5816.73
15,438,2025-04-01,2025-04-05,5816.73,0.0,0.0,0.0,0.0,0,0.0,5816.73
15,439,2025-04-01,2025-04-06,5816.73,0.0,0.0,0.0,0.0,0,0.0,5816.73
15,440,2025-04-01,2025-04-07,5816.73,0.0,0.0,0.0,0.0,0,0.0,5816.73
15,441,2025-04-01,2025-04-08,5816.73,0.0,0.0,0.0,0.0,0,0.0,5816.73
15,442,2025-04-01,2025-04-09,5816.73,0.0,0.0,0.0,0.0,0,0.0,5816.73
15,443,2025-04-01,2025-04-10,5816.73,0.0,0.0,0.0,0.0,0,0.0,5816.73
15,444,2025-04-01,2025-04-11,5816.73,0.0,0.0,0.0,0.0,0,0.0,5816.73
15,445,2025-04-01,2025-04-12,5816.73,0.0,0.0,0.0,0.0,0,0.0,5816.73
15,446,2025-04-01,2025-04-13,5816.73,0.0,0.0,0.0,0.0,0,0.0,5816.73
15,447,2025-04-01,2025-04-14,5816.73,0.0,0.0,0.0,0.0,0,0.0,5816.73
15,448,2025-04-01,2025-04-15,5816.73,0.0,0.0,0.0,0.0,0,0.0,5816.73
15,449,2025-04-01,2025-04-16,5816.73,0.0,0.0,0.0,0.0,0,0.0,5816.73
15,450,2025-04-01,2025-04-17,5816.73,0.0,0.0,0.0,0.0,0,0.0,5816.73
15,451,2025-04-01,2025-04-18,5816.73,0.0,0.0,0.0,0.0,0,0.0,5816.73
15,452,2025-04-01,2025-04-19,5816.73,0.0,0.0,0.0,0.0,0,0.0,5816.73
15,453,2025-04-01,2025-04-20,5816.73,0.0,0.0,0.0,0.0,0,0.0,5816.73
15,454,2025-04-01,2025-04-21,5816.73,0.0,0.0,0.0,0.0,0,0.0,5816.73
15,455,2025-04-01,2025-04-22,5816.73,0.0,0.0,0.0,0.0,0,0.0,5816.73
15,456,2025-04-01,2025-04-23,5816.73,513.07,11.17,501.9,11.19,0,0.0,5303.65
16,457,2025-04-01,2025-04-24,5303.65,0.0,0.0,0.0,0.0,0,0.0,5303.65
16,458,2025-04-01,2025-04-25,5303.65,0.0,0.0,0.0,0.0,0,0.0,5303.65
16,459,2025-04-01,2025-04-26,5303.65,0.0,0.0,0.0,0.0,0,0.0,5303.65
16,460,2025-04-01,2025-04-27,5303.65,0.0,0.0,0.0,0.0,0,0.0,5303.65
16,461,2025-04-01,2025-04-28,5303.65,0.0,0.0,0.0,0.0,0,0.0,5303.65
16,462,2025-04-01,2025-04-29,5303.65,0.0,0.0,0.0,0.0,0,0.0,5303.65
16,463,2025-04-01,2025-04-30,5303.65,0.0,0.0,0.0,0.0,0,0.0,5303.65
16,464,2025-05-01,2025-05-01,5303.65,0.0,0.0,0.0,0.0,0,0.0,5303.65
16,465,2025-05-01,2025-05-02,5303.65,0.0,0.0,0.0,0.0,0,0.0,5303.65
16,466,2025-05-01,2025-05-03,5303.65,0.0,0.0,0.0,0.0,0,0.0,5303.65
16,467,2025-05-01,2025-05-04,5303.65,0.0,0.0,0.0,0.0,0,0.0,5303.65
16,468,2025-05-01,2025-05-05,5303.65,0.0,0.0,0.0,0.0,0,0.0,5303.65
16,469,2025-05-01,2025-05-06,5303.65,0.0,0.0,0.0,0.0,0,0.0,5303.65
16,470,2025-05-01,2025-05-07,5303.65,0.0,0.0,0.0,0.0,0,0.0,5303.65
16,471,2025-05-01,2025-05-08,5303.65,0.0,0.0,0.0,0.0,0,0.0,5303.65
16,472,2025-05-01,2025-05-09,5303.65,0.0,0.0,0.0,0.0,0,0.0,5303.65
16,473,2025-05-01,2025-05-10,5303.65,0.0,0.0,0.0,0.0,0,0.0,5303.65
16,474,2025-05-01,2025-05-11,5303.65,0.0,0.0,0.0,0.0,0,0.0,5303.65
16,475,2025-05-01,2025-05-12,5303.65,0.0,0.0,0.0,0.0,0,0.0,5303.65
16,476,2025-05-01,2025-05-13,5303.65,0.0,0.0,0.0,0.0,0,0.0,5303.65
16,477,2025-05-01,2025-05-14,5303.65,0.0,0.0,0.0,0.0,0,0.0,5303.65
16,478,2025-05-01,2025-05-15,5303.65,0.0,0.0,0.0,0.0,0,0.0,5303.65
16,479,2025-05-01,2025-05-16,5303.65,0.0,0.0,0.0,0.0,0,0.0,5303.65
16,480,2025-05-01,2025-05-17,5303.65,0.0,0.0,0.0,0.0,0,0.0,5303.65
16,481,2025-05-01,2025-05-18,5303.65,0.0,0.0,0.0,0.0,0,0.0,5303.65
16,482,2025-05-01,2025-05-19,5303.65,0.0,0.0,0.0,0.0,0,0.0,5303.65
16,483,2025-05-01,2025-05-20,5303.65,0.0,0.0,0.0,0.0,0,0.0,5303.65
16,484,2025-05-01,2025-05-21,5303.65,0.0,0.0,0.0,0.0,0,0.0,5303.65
16,485,2025-05-01,2025-05-22,5303.65,0.0,0.0,0.0,0.0,0,0.0,5303.65
16,486,2025-05-01,2025-05-23,5303.65,513.07,10.19,502.88,10.2,0,0.0,4790.57
17,487,2025-05-01,2025-05-24,4790.57,0.0,0.0,0.0,0.0,0,0.0,4790.57
17,488,2025-05-01,2025-05-25,4790.57,0.0,0.0,0.0,0.0,0,0.0,4790.57
17,489,2025-05-01,2025-05-26,4790.57,0.0,0.0,0.0,0.0,0,0.0,4790.57
17,490,2025-05-01,2025-05-27,4790.57,0.0,0.0,0.0,0.0,0,0.0,4790.57
17,491,2025-05-01,2025-05-28,4790.57,0.0,0.0,0.0,0.0,0,0.0,4790.57
17,492,2025-05-01,2025-05-29,4790.57,0.0,0.0,0.0,0.0,0,0.0,4790.57
17,493,2025-05-01,2025-05-30,4790.57,0.0,0.0,0.0,0.0,0,0.0,4790.57
17,494,2025-05-01,2025-05-31,4790.57,0.0,0.0,0.0,0.0,0,0.0,4790.57
17,495,2025-06-01,2025-06-01,4790.57,0.0,0.0,0.0,0.0,0,0.0,4790.57
17,496,2025-06-01,2025-06-02,4790.57,0.0,0.0,0.0,0.0,0,0.0,4790.57
17,497,2025-06-01,2025-06-03,4790.57,0.0,0.0,0.0,0.0,0,0.0,4790.57
17,498,2025-06-01,2025-06-04,4790.57,0.0,0.0,0.0,0.0,0,0.0,4790.57
17,499,2025-06-01,2025-06-05,4790.57,0.0,0.0,0.0,0.0,0,0.0,4790.57
17,500,2025-06-01,2025-06-06,4790.57,0.0,0.0,0.0,0.0,0,0.0,4790.57
17,501,2025-06-01,2025-06-07,4790.57,0.0,0.0,0.0,0.0,0,0.0,4790.57
17,502,2025-06-01,2025-06-08,4790.57,0.0,0.0,0.0,0.0,0,0.0,4790.57
17,503,2025-06-01,2025-06-09,4790.57,0.0,0.0,0.0,0.0,0,0.0,4790.57
17,504,2025-06-01,2025-06-10,4790.57,0.0,0.0,0.0,0.0,0,0.0,4790.57
17,505,2025-06-01,2025-06-11,4790.57,0.0,0.0,0.0,0.0,0,0.0,4790.57
17,506,2025-06-01,2025-06-12,4790.57,0.0,0.0,0.0,0.0,0,0.0,4790.57
17,507,2025-06-01,2025-06-13,4790.57,0.0,0.0,0.0,0.0,0,0.0,4790.57
17,508,2025-06-01,2025-06-14,4790.57,0.0,0.0,0.0,0.0,0,0.0,4790.57
17,509,2025-06-01,2025-06-15,4790.57,0.0,0.0,0.0,0.0,0,0.0,4790.57
17,510,2025-06-01,2025-06-16,4790.57,0.0,0.0,0.0,0.0,0,0.0,4790.57
17,511,2025-06-01,2025-06-17,4790.57,0.0,0.0,0.0,0.0,0,0.0,4790.57
17,512,2025-06-01,2025-06-18,4790.57,0.0,0.0,0.0,0.0,0,0.0,4790.57
17,513,2025-06-01,2025-06-19,4790.57,0.0,0.0,0.0,0.0,0,0.0,4790.57
17,514,2025-06-01,2025-06-20,4790.57,0.0,0.0,0.0,0.0,0,0.0,4790.57
17,515,2025-06-01,2025-06-21,4790.57,0.0,0.0,0.0,0.0,0,0.0,4790.57
17,516,2025-06-01,2025-06-22,4790.57,0.0,0.0,0.0,0.0,0,0.0,4790.57
17,517,2025-06-01,2025-06-23,4790.57,513.07,9.2,503.87,9.21,0,0.0,4277.49
18,518,2025-06-01,2025-06-24,4277.49,0.0,0.0,0.0,0.0,0,0.0,4277.49
18,519,2025-06-01,2025-06-25,4277.49,0.0,0.0,0.0,0.0,0,0.0,4277.49
18,520,2025-06-01,2025-06-26,4277.49,0.0,0.0,0.0,0.0,0,0.0,4277.49
18,521,2025-06-01,2025-06-27,4277.49,0.0,0.0,0.0,0.0,0,0.0,4277.49
18,522,2025-06-01,2025-06-28,4277.49,0.0,0.0,0.0,0.0,0,0.0,4277.49
18,523,2025-06-01,2025-06-29,4277.49,0.0,0.0,0.0,0.0,0,0.0,4277.49
18,524,2025-06-01,2025-06-30,4277.49,0.0,0.0,0.0,0.0,0,0.0,4277.49
18,525,2025-07-01,2025-07-01,4277.49,0.0,0.0,0.0,0.0,0,0.0,4277.49
18,526,2025-07-01,2025-07-02,4277.49,0.0,0.0,0.0,0.0,0,0.0,4277.49
18,527,2025-07-01,2025-07-03,4277.49,0.0,0.0,0.0,0.0,0,0.0,4277.49
18,528,2025-07-01,2025-07-04,4277.49,0.0,0.0,0.0,0.0,0,0.0,4277.49
18,529,2025-07-01,2025-07-05,4277.49,0.0,0.0,0.0,0.0,0,0.0,4277.49
18,530,2025-07-01,2025-07-06,4277.49,0.0,0.0,0.0,0.0,0,0.0,4277.49
18,531,2025-07-01,2025-07-07,4277.49,0.0,0.0,0.0,0.0,0,0.0,4277.49
18,532,2025-07-01,2025-07-08,4277.49,0.0,0.0,0.0,0.0,0,0.0,4277.49
18,533,2025-07-01,2025-07-09,4277.49,0.0,0.0,0.0,0.0,0,0.0,4277.49
18,534,2025-07-01,2025-07-10,4277.49,0.0,0.0,0.0,0.0,0,0.0,4277.49
18,535,2025-07-01,2025-07-11,4277.49,0.0,0.0,0.0,0.0,0,0.0,4277.49
18,536,2025-07-01,2025-07-12,4277.49,0.0,0.0,0.0,0.0,0,0.0,4277.49
18,537,2025-07-01,2025-07-13,4277.49,0.0,0.0,0.0,0.0,0,0.0,4277.49
18,538,2025-07-01,2025-07-14,4277.49,0.0,0.0,0.0,0.0,0,0.0,4277.49
18,539,2025-07-01,2025-07-15,4277.49,0.0,0.0,0.0,0.0,0,0.0,4277.49
18,540,2025-07-01,2025-07-16,4277.49,0.0,0.0,0.0,0.0,0,0.0,4277.49
18,541,2025-07-01,2025-07-17,4277.49,0.0,0.0,0.0,0.0,0,0.0,4277.49
18,542,2025-07-01,2025-07-18,4277.49,0.0,0.0,0.0,0.0,0,0.0,4277.49
18,543,2025-07-01,2025-07-19,4277.49,0.0,0.0,0.0,0.0,0,0.0,4277.49
18,544,2025-07-01,2025-07-20,4277.49,0.0,0.0,0.0,0.0,0,0.0,4277.49
18,545,2025-07-01,2025-07-21,4277.49,0.0,0.0,0.0,0.0,0,0.0,4277.49
18,546,2025-07-01,2025-07-22,4277.49,0.0,0.0,0.0,0.0,0,0.0,4277.49
18,547,2025-07-01,2025-07-23,4277.49,513.07,8.22,504.85,8.23,0,0.0,3764.41
19,548,2025-07-01,2025-07-24,3764.41,0.0,0.0,0.0,0.0,0,0.0,3764.41
19,549,2025-07-01,2025-07-25,3764.41,0.0,0.0,0.0,0.0,0,0.0,3764.41
19,550,2025-07-01,2025-07-26,3764.41,0.0,0.0,0.0,0.0,0,0.0,3764.41
19,551,2025-07-01,2025-07-27,3764.41,0.0,0.0,0.0,0.0,0,0.0,3764.41
19,552,2025-07-01,2025-07-28,3764.41,0.0,0.0,0.0,0.0,0,0.0,3764.41
19,553,2025-07-01,2025-07-29,3764.41,0.0,0.0,0.0,0.0,0,0.0,3764.41
19,554,2025-07-01,2025-07-30,3764.41,0.0,0.0,0.0,0.0,0,0.0,3764.41
19,555,2025-07-01,2025-07-31,3764.41,0.0,0.0,0.0,0.0,0,0.0,3764.41
19,556,2025-08-01,2025-08-01,3764.41,0.0,0.0,0.0,0.0,0,0.0,3764.41
19,557,2025-08-01,2025-08-02,3764.41,0.0,0.0,0.0,0.0,0,0.0,3764.41
19,558,2025-08-01,2025-08-03,3764.41,0.0,0.0,0.0,0.0,0,0.0,3764.41
19,559,2025-08-01,2025-08-04,3764.41,0.0,0.0,0.0,0.0,0,0.0,3764.41
19,560,2025-08-01,2025-08-05,3764.41,0.0,0.0,0.0,0.0,0,0.0,3764.41
19,561,2025-08-01,2025-08-06,3764.41,0.0,0.0,0.0,0.0,0,0.0,3764.41
19,562,2025-08-01,2025-08-07,3764.41,0.0,0.0,0.0,0.0,0,0.0,3764.41
19,563,2025-08-01,2025-08-08,3764.41,0.0,0.0,0.0,0.0,0,0.0,3764.41
19,564,2025-08-01,2025-08-09,3764.41,0.0,0.0,0.0,0.0,0,0.0,3764.41
19,565,2025-08-01,2025-08-10,3764.41,0.0,0.0,0.0,0.0,0,0.0,3764.41
19,566,2025-08-01,2025-08-11,3764.41,0.0,0.0,0.0,0.0,0,0.0,3764.41
19,567,2025-08-01,2025-08-12,3764.41,0.0,0.0,0.0,0.0,0,0.0,3764.41
19,568,2025-08-01,2025-08-13,3764.41,0.0,0.0,0.0,0.0,0,0.0,3764.41
19,569,2025-08-01,2025-08-14,3764.41,0.0,0.0,0.0,0.0,0,0.0,3764.41
19,570,2025-08-01,2025-08-15,3764.41,0.0,0.0,0.0,0.0,0,0.0,3764.41
19,571,2025-08-01,2025-08-16,3764.41,0.0,0.0,0.0,0.0,0,0.0,3764.41
19,572,2025-08-01,2025-08-17,3764.41,0.0,0.0,0.0,0.0,0,0.0,3764.41
19,573,2025-08-01,2025-08-18,3764.41,0.0,0.0,0.0,0.0,0,0.0,3764.41
19,574,2025-08-01,2025-08-19,3764.41,0.0,0.0,0.0,0.0,0,0.0,3764.41
19,575,2025-08-01,2025-08-20,3764.41,0.0,0.0,0.0,0.0,0,0.0,3764.41
19,576,2025-08-01,2025-08-21,3764.41,0.0,0.0,0.0,0.0,0,0.0,3764.41
19,577,2025-08-01,2025-08-22,3764.41,0.0,0.0,0.0,0.0,0,0.0,3764.41
19,578,2025-08-01,2025-08-23,3764.41,513.07,7.23,505.84,7.24,0,0.0,3251.33
20,579,2025-08-01,2025-08-24,3251.33,0.0,0.0,0.0,0.0,0,0.0,3251.33
20,580,2025-08-01,2025-08-25,3251.33,0.0,0.0,0.0,0.0,0,0.0,3251.33
20,581,2025-08-01,2025-08-26,3251.33,0.0,0.0,0.0,0.0,0,0.0,3251.33
20,582,2025-08-01,2025-08-27,3251.33,0.0,0.0,0.0,0.0,0,0.0,3251.33
20,583,2025-08-01,2025-08-28,3251.33,0.0,0.0,0.0,0.0,0,0.0,3251.33
20,584,2025-08-01,2025-08-29,3251.33,0.0,0.0,0.0,0.0,0,0.0,3251.33
20,585,2025-08-01,2025-08-30,3251.33,0.0,0.0,0.0,0.0,0,0.0,3251.33
20,586,2025-08-01,2025-08-31,3251.33,0.0,0.0,0.0,0.0,0,0.0,3251.33
20,587,2025-09-01,2025-09-01,3251.33,0.0,0.0,0.0,0.0,0,0.0,3251.33
20,588,2025-09-01,2025-09-02,3251.33,0.0,0.0,0.0,0.0,0,0.0,3251.33
20,589,2025-09-01,2025-09-03,3251.33,0.0,0.0,0.0,0.0,0,0.0,3251.33
20,590,2025-09-01,2025-09-04,3251.33,0.0,0.0,0.0,0.0,0,0.0,3251.33
20,591,2025-09-01,2025-09-05,3251.33,0.0,0.0,0.0,0.0,0,0.0,3251.33
20,592,2025-09-01,2025-09-06,3251.33,0.0,0.0,0.0,0.0,0,0.0,3251.33
20,593,2025-09-01,2025-09-07,3251.33,0.0,0.0,0.0,0.0,0,0.0,3251.33
20,594,2025-09-01,2025-09-08,3251.33,0.0,0.0,0.0,0.0,0,0.0,3251.33
20,595,2025-09-01,2025-09-09,3251.33,0.0,0.0,0.0,0.0,0,0.0,3251.33
20,596,2025-09-01,2025-09-10,3251.33,0.0,0.0,0.0,0.0,0,0.0,3251.33
20,597,2025-09-01,2025-09-11,3251.33,0.0,0.0,0.0,0.0,0,0.0,3251.33
20,598,2025-09-01,2025-09-12,3251.33,0.0,0.0,0.0,0.0,0,0.0,3251.33
20,599,2025-09-01,2025-09-13,3251.33,0.0,0.0,0.0,0.0,0,0.0,3251.33
20,600,2025-09-01,2025-09-14,3251.33,0.0,0.0,0.0,0.0,0,0.0,3251.33
20,601,2025-09-01,2025-09-15,3251.33,0.0,0.0,0.0,0.0,0,0.0,3251.33
20,602,2025-09-01,2025-09-16,3251.33,0.0,0.0,0.0,0.0,0,0.0,3251.33
20,603,2025-09-01,2025-09-17,3251.33,0.0,0.0,0.0,0.0,0,0.0,3251.33
20,604,2025-09-01,2025-09-18,3251.33,0.0,0.0,0.0,0.0,0,0.0,3251.33
20,605,2025-09-01,2025-09-19,3251.33,0.0,0.0,0.0,0.0,0,0.0,3251.33
20,606,2025-09-01,2025-09-20,3251.33,0.0,0.0,0.0,0.0,0,0.0,3251.33
20,607,2025-09-01,2025-09-21,3251.33,0.0,0.0,0.0,0.0,0,0.0,3251.33
20,608,2025-09-01,2025-09-22,3251.33,0.0,0.0,0.0,0.0,0,0.0,3251.33
20,609,2025-09-01,2025-09-23,3251.33,513.07,6.25,506.82,6.25,0,0.0,2738.25
21,610,2025-09-01,2025-09-24,2738.25,0.0,0.0,0.0,0.0,0,0.0,2738.25
21,611,2025-09-01,2025-09-25,2738.25,0.0,0.0,0.0,0.0,0,0.0,2738.25
21,612,2025-09-01,2025-09-26,2738.25,0.0,0.0,0.0,0.0,0,0.0,2738.25
21,613,2025-09-01,2025-09-27,2738.25,0.0,0.0,0.0,0.0,0,0.0,2738.25
21,614,2025-09-01,2025-09-28,2738.25,0.0,0.0,0.0,0.0,0,0.0,2738.25
21,615,2025-09-01,2025-09-29,2738.25,0.0,0.0,0.0,0.0,0,0.0,2738.25
21,616,2025-09-01,2025-09-30,2738.25,0.0,0.0,0.0,0.0,0,0.0,2738.25
21,617,2025-10-01,2025-10-01,2738.25,0.0,0.0,0.0,0.0,0,0.0,2738.25
21,618,2025-10-01,2025-10-02,2738.25,0.0,0.0,0.0,0.0,0,0.0,2738.25
21,619,2025-10-01,2025-10-03,2738.25,0.0,0.0,0.0,0.0,0,0.0,2738.25
21,620,2025-10-01,2025-10-04,2738.25,0.0,0.0,0.0,0.0,0,0.0,2738.25
21,621,2025-10-01,2025-10-05,2738.25,0.0,0.0,0.0,0.0,0,0.0,2738.25
21,622,2025-10-01,2025-10-06,2738.25,0.0,0.0,0.0,0.0,0,0.0,2738.25
21,623,2025-10-01,2025-10-07,2738.25,0.0,0.0,0.0,0.0,0,0.0,2738.25
21,624,2025-10-01,2025-10-08,2738.25,0.0,0.0,0.0,0.0,0,0.0,2738.25
21,625,2025-10-01,2025-10-09,2738.25,0.0,0.0,0.0,0.0,0,0.0,2738.25
21,626,2025-10-01,2025-10-10,2738.25,0.0,0.0,0.0,0.0,0,0.0,2738.25
21,627,2025-10-01,2025-10-11,2738.25,0.0,0.0,0.0,0.0,0,0.0,2738.25
21,628,2025-10-01,2025-10-12,2738.25,0.0,0.0,0.0,0.0,0,0.0,2738.25
21,629,2025-10-01,2025-10-13,2738.25,0.0,0.0,0.0,0.0,0,0.0,2738.25
21,630,2025-10-01,2025-10-14,2738.25,0.0,0.0,0.0,0.0,0,0.0,2738.25
21,631,2025-10-01,2025-10-15,2738.25,0.0,0.0,0.0,0.0,0,0.0,2738.25
21,632,2025-10-01,2025-10-16,2738.25,0.0,0.0,0.0,0.0,0,0.0,2738.25
21,633,2025-10-01,2025-10-17,2738.25,0.0,0.0,0.0,0.0,0,0.0,2738.25
21,634,2025-10-01,2025-10-18,2738.25,0.0,0.0,0.0,0.0,0,0.0,2738.25
21,635,2025-10-01,2025-10-19,2738.25,0.0,0.0,0.0,0.0,0,0.0,2738.25
21,636,2025-10-01,2025-10-20,2738.25,0.0,0.0,0.0,0.0,0,0.0,2738.25
21,637,2025-10-01,2025-10-21,2738.25,0.0,0.0,0.0,0.0,0,0.0,2738.25
21,638,2025-10-01,2025-10-22,2738.25,0.0,0.0,0.0,0.0,0,0.0,2738.25
21,639,2025-10-01,2025-10-23,2738.25,513.07,5.26,507.81,5.27,0,0.0,2225.18
22,640,2025-10-01,2025-10-24,2225.18,0.0,0.0,0.0,0.0,0,0.0,2225.18
22,641,2025-10-01,2025-10-25,2225.18,0.0,0.0,0.0,0.0,0,0.0,2225.18
22,642,2025-10-01,2025-10-26,2225.18,0.0,0.0,0.0,0.0,0,0.0,2225.18
22,643,2025-10-01,2025-10-27,2225.18,0.0,0.0,0.0,0.0,0,0.0,2225.18
22,644,2025-10-01,2025-10-28,2225.18,0.0,0.0,0.0,0.0,0,0.0,2225.18
22,645,2025-10-01,2025-10-29,2225.18,0.0,0.0,0.0,0.0,0,0.0,2225.18
22,646,2025-10-01,2025-10-30,2225.18,0.0,0.0,0.0,0.0,0,0.0,2225.18
22,647,2025-10-01,2025-10-31,2225.18,0.0,0.0,0.0,0.0,0,0.0,2225.18
22,648,2025-11-01,2025-11-01,2225.18,0.0,0.0,0.0,0.0,0,0.0,2225.18
22,649,2025-11-01,2025-11-02,2225.18,0.0,0.0,0.0,0.0,0,0.0,2225.18
22,650,2025-11-01,2025-11-03,2225.18,0.0,0.0,0.0,0.0,0,0.0,2225.18
22,651,2025-11-01,2025-11-04,2225.18,0.0,0.0,0.0,0.0,0,0.0,2225.18
22,652,2025-11-01,2025-11-05,2225.18,0.0,0.0,0.0,0.0,0,0.0,2225.18
22,653,2025-11-01,2025-11-06,2225.18,0.0,0.0,0.0,0.0,0,0.0,2225.18
22,654,2025-11-01,2025-11-07,2225.18,0.0,0.0,0.0,0.0,0,0.0,2225.18
22,655,2025-11-01,2025-11-08,2225.18,0.0,0.0,0.0,0.0,0,0.0,2225.18
22,656,2025-11-01,2025-11-09,2225.18,0.0,0.0,0.0,0.0,0,0.0,2225.18
22,657,2025-11-01,2025-11-10,2225.18,0.0,0.0,0.0,0.0,0,0.0,2225.18
22,658,2025-11-01,2025-11-11,2225.18,0.0,0.0,0.0,0.0,0,0.0,2225.18
22,659,2025-11-01,2025-11-12,2225.18,0.0,0.0,0.0,0.0,0,0.0,2225.18
22,660,2025-11-01,2025-11-13,2225.18,0.0,0.0,0.0,0.0,0,0.0,2225.18
22,661,2025-11-01,2025-11-14,2225.18,0.0,0.0,0.0,0.0,0,0.0,2225.18
22,662,2025-11-01,2025-11-15,2225.18,0.0,0.0,0.0,0.0,0,0.0,2225.18
22,663,2025-11-01,2025-11-16,2225.18,0.0,0.0,0.0,0.0,0,0.0,2225.18
22,664,2025-11-01,2025-11-17,2225.18,0.0,0.0,0.0,0.0,0,0.0,2225.18
22,665,2025-11-01,2025-11-18,2225.18,0.0,0.0,0.0,0.0,0,0.0,2225.18
22,666,2025-11-01,2025-11-19,2225.18,0.0,0.0,0.0,0.0,0,0.0,2225.18
22,667,2025-11-01,2025-11-20,2225.18,0.0,0.0,0.0,0.0,0,0.0,2225.18
22,668,2025-11-01,2025-11-21,2225.18,0.0,0.0,0.0,0.0,0,0.0,2225.18
22,669,2025-11-01,2025-11-22,2225.18,0.0,0.0,0.0,0.0,0,0.0,2225.18
22,670,2025-11-01,2025-11-23,2225.18,513.07,4.27,508.8,4.28,0,0.0,1712.1
23,671,2025-11-01,2025-11-24,1712.1,0.0,0.0,0.0,0.0,0,0.0,1712.1
23,672,2025-11-01,2025-11-25,1712.1,0.0,0.0,0.0,0.0,0,0.0,1712.1
23,673,2025-11-01,2025-11-26,1712.1,0.0,0.0,0.0,0.0,0,0.0,1712.1
23,674,2025-11-01,2025-11-27,1712.1,0.0,0.0,0.0,0.0,0,0.0,1712.1
23,675,2025-11-01,2025-11-28,1712.1,0.0,0.0,0.0,0.0,0,0.0,1712.1
23,676,2025-11-01,2025-11-29,1712.1,0.0,0.0,0.0,0.0,0,0.0,1712.1
23,677,2025-11-01,2025-11-30,1712.1,0.0,0.0,0.0,0.0,0,0.0,1712.1
23,678,2025-12-01,2025-12-01,1712.1,0.0,0.0,0.0,0.0,0,0.0,1712.1
23,679,2025-12-01,2025-12-02,1712.1,0.0,0.0,0.0,0.0,0,0.0,1712.1
23,680,2025-12-01,2025-12-03,1712.1,0.0,0.0,0.0,0.0,0,0.0,1712.1
23,681,2025-12-01,2025-12-04,1712.1,0.0,0.0,0.0,0.0,0,0.0,1712.1
23,682,2025-12-01,2025-12-05,1712.1,0.0,0.0,0.0,0.0,0,0.0,1712.1
23,683,2025-12-01,2025-12-06,1712.1,0.0,0.0,0.0,0.0,0,0.0,1712.1
23,684,2025-12-01,2025-12-07,1712.1,0.0,0.0,0.0,0.0,0,0.0,1712.1
23,685,2025-12-01,2025-12-08,1712.1,0.0,0.0,0.0,0.0,0,0.0,1712.1
23,686,2025-12-01,2025-12-09,1712.1,0.0,0.0,0.0,0.0,0,0.0,1712.1
23,687,2025-12-01,2025-12-10,1712.1,0.0,0.0,0.0,0.0,0,0.0,1712.1
23,688,2025-12-01,2025-12-11,1712.1,0.0,0.0,0.0,0.0,0,0.0,1712.1
23,689,2025-12-01,2025-12-12,1712.1,0.0,0.0,0.0,0.0,0,0.0,1712.1
23,690,2025-12-01,2025-12-13,1712.1,0.0,0.0,0.0,0.0,0,0.0,1712.1
23,691,2025-12-01,2025-12-14,1712.1,0.0,0.0,0.0,0.0,0,0.0,1712.1
23,692,2025-12-01,2025-12-15,1712.1,0.0,0.0,0.0,0.0,0,0.0,1712.1
23,693,2025-12-01,2025-12-16,1712.1,0.0,0.0,0.0,0.0,0,0.0,1712.1
23,694,2025-12-01,2025-12-17,1712.1,0.0,0.0,0.0,0.0,0,0.0,1712.1
23,695,2025-12-01,2025-12-18,1712.1,0.0,0.0,0.0,0.0,0,0.0,1712.1
23,696,2025-12-01,2025-12-19,1712.1,0.0,0.0,0.0,0.0,0,0.0,1712.1
23,697,2025-12-01,2025-12-20,1712.1,0.0,0.0,0.0,0.0,0,0.0,1712.1
23,698,2025-12-01,2025-12-21,1712.1,0.0,0.0,0.0,0.0,0,0.0,1712.1
23,699,2025-12-01,2025-12-22,1712.1,0.0,0.0,0.0,0.0,0,0.0,1712.1
23,700,2025-12-01,2025-12-23,1712.1,513.07,3.29,509.78,3.29,0,0.0,1199.03
24,701,2025-12-01,2025-12-24,1199.03,0.0,0.0,0.0,0.0,0,0.0,1199.03
24,702,2025-12-01,2025-12-25,1199.03,0.0,0.0,0.0,0.0,0,0.0,1199.03
24,703,2025-12-01,2025-12-26,1199.03,0.0,0.0,0.0,0.0,0,0.0,1199.03
24,704,2025-12-01,2025-12-27,1199.03,0.0,0.0,0.0,0.0,0,0.0,1199.03
24,705,2025-12-01,2025-12-28,1199.03,0.0,0.0,0.0,0.0,0,0.0,1199.03
24,706,2025-12-01,2025-12-29,1199.03,0.0,0.0,0.0,0.0,0,0.0,1199.03
24,707,2025-12-01,2025-12-30,1199.03,0.0,0.0,0.0,0.0,0,0.0,1199.03
24,708,2025-12-01,2025-12-31,1199.03,0.0,0.0,0.0,0.0,0,0.0,1199.03
24,709,2026-01-01,2026-01-01,1199.03,0.0,0.0,0.0,0.0,0,0.0,1199.03
24,710,2026-01-01,2026-01-02,1199.03,0.0,0.0,0.0,0.0,0,0.0,1199.03
24,711,2026-01-01,2026-01-03,1199.03,0.0,0.0,0.0,0.0,0,0.0,1199.03
24,712,2026-01-01,2026-01-04,1199.03,0.0,0.0,0.0,0.0,0,0.0,1199.03
24,713,2026-01-01,2026-01-05,1199.03,0.0,0.0,0.0,0.0,0,0.0,1199.03
24,714,2026-01-01,2026-01-06,1199.03,0.0,0.0,0.0,0.0,0,0.0,1199.03
24,715,2026-01-01,2026-01-07,1199.03,0.0,0.0,0.0,0.0,0,0.0,1199.03
24,716,2026-01-01,2026-01-08,1199.03,0.0,0.0,0.0,0.0,0,0.0,1199.03
24,717,2026-01-01,2026-01-09,1199.03,0.0,0.0,0.0,0.0,0,0.0,1199.03
24,718,2026-01-01,2026-01-10,1199.03,0.0,0.0,0.0,0.0,0,0.0,1199.03
24,719,2026-01-01,2026-01-11,1199.03,0.0,0.0,0.0,0.0,0,0.0,1199.03
24,720,2026-01-01,2026-01-12,1199.03,0.0,0.0,0.0,0.0,0,0.0,1199.03
24,721,2026-01-01,2026-01-13,1199.03,0.0,0.0,0.0,0.0,0,0.0,1199.03
24,722,2026-01-01,2026-01-14,1199.03,0.0,0.0,0.0,0.0,0,0.0,1199.03
24,723,2026-01-01,2026-01-15,1199.03,0.0,0.0,0.0,0.0,0,0.0,1199.03
24,724,2026-01-01,2026-01-16,1199.03,0.0,0.0,0.0,0.0,0,0.0,1199.03
24,725,2026-01-01,2026-01-17,1199.03,0.0,0.0,0.0,0.0,0,0.0,1199.03
24,726,2026-01-01,2026-01-18,1199.03,0.0,0.0,0.0,0.0,0,0.0,1199.03
24,727,2026-01-01,2026-01-19,1199.03,0.0,0.0,0.0,0.0,0,0.0,1199.03
24,728,2026-01-01,2026-01-20,1199.03,0.0,0.0,0.0,0.0,0,0.0,1199.03
24,729,2026-01-01,2026-01-21,1199.03,0.0,0.0,0.0,0.0,0,0.0,1199.03
24,730,2026-01-01,2026-01-22,1199.03,0.0,0.0,0.0,0.0,0,0.0,1199.03
24,731,2026-01-01,2026-01-23,1199.03,513.07,2.3,510.77,2.31,0,0.0,685.96
25,732,2026-01-01,2026-01-24,685.96,0.0,0.0,0.0,0.0,0,0.0,685.96
25,733,2026-01-01,2026-01-25,685.96,0.0,0.0,0.0,0.0,0,0.0,685.96
25,734,2026-01-01,2026-01-26,685.96,0.0,0.0,0.0,0.0,0,0.0,685.96
25,735,2026-01-01,2026-01-27,685.96,0.0,0.0,0.0,0.0,0,0.0,685.96
25,736,2026-01-01,2026-01-28,685.96,0.0,0.0,0.0,0.0,0,0.0,685.96
25,737,2026-01-01,2026-01-29,685.96,0.0,0.0,0.0,0.0,0,0.0,685.96
25,738,2026-01-01,2026-01-30,685.96,0.0,0.0,0.0,0.0,0,0.0,685.96
25,739,2026-01-01,2026-01-31,685.96,0.0,0.0,0.0,0.0,0,0.0,685.96
25,740,2026-02-01,2026-02-01,685.96,0.0,0.0,0.0,0.0,0,0.0,685.96
25,741,2026-02-01,2026-02-02,685.96,0.0,0.0,0.0,0.0,0,0.0,685.96
25,742,2026-02-01,2026-02-03,685.96,0.0,0.0,0.0,0.0,0,0.0,685.96
25,743,2026-02-01,2026-02-04,685.96,0.0,0.0,0.0,0.0,0,0.0,685.96
25,744,2026-02-01,2026-02-05,685.96,0.0,0.0,0.0,0.0,0,0.0,685.96
25,745,2026-02-01,2026-02-06,685.96,0.0,0.0,0.0,0.0,0,0.0,685.96
25,746,2026-02-01,2026-02-07,685.96,0.0,0.0,0.0,0.0,0,0.0,685.96
25,747,2026-02-01,2026-02-08,685.96,0.0,0.0,0.0,0.0,0,0.0,685.96
25,748,2026-02-01,2026-02-09,685.96,0.0,0.0,0.0,0.0,0,0.0,685.96
25,749,2026-02-01,2026-02-10,685.96,0.0,0.0,0.0,0.0,0,0.0,685.96
25,750,2026-02-01,2026-02-11,685.96,0.0,0.0,0.0,0.0,0,0.0,685.96
25,751,2026-02-01,2026-02-12,685.96,0.0,0.0,0.0,0.0,0,0.0,685.96
25,752,2026-02-01,2026-02-13,685.96,0.0,0.0,0.0,0.0,0,0.0,685.96
25,753,2026-02-01,2026-02-14,685.96,0.0,0.0,0.0,0.0,0,0.0,685.96
25,754,2026-02-01,2026-02-15,685.96,0.0,0.0,0.0,0.0,0,0.0,685.96
25,755,2026-02-01,2026-02-16,685.96,0.0,0.0,0.0,0.0,0,0.0,685.96
25,756,2026-02-01,2026-02-17,685.96,0.0,0.0,0.0,0.0,0,0.0,685.96
25,757,2026-02-01,2026-02-18,685.96,0.0,0.0,0.0,0.0,0,0.0,685.96
25,758,2026-02-01,2026-02-19,685.96,0.0,0.0,0.0,0.0,0,0.0,685.96
25,759,2026-02-01,2026-02-20,685.96,0.0,0.0,0.0,0.0,0,0.0,685.96
25,760,2026-02-01,2026-02-21,685.96,0.0,0.0,0.0,0.0,0,0.0,685.96
25,761,2026-02-01,2026-02-22,685.96,0.0,0.0,0.0,0.0,0,0.0,685.96
25,762,2026-02-01,2026-02-23,685.96,513.07,1.32,511.75,1.32,0,0.0,172.88
26,763,2026-02-01,2026-02-24,172.88,0.0,0.0,0.0,0.0,0,0.0,172.88
26,764,2026-02-01,2026-02-25,172.88,0.0,0.0,0.0,0.0,0,0.0,172.88
26,765,2026-02-01,2026-02-26,172.88,0.0,0.0,0.0,0.0,0,0.0,172.88
26,766,2026-02-01,2026-02-27,172.88,0.0,0.0,0.0,0.0,0,0.0,172.88
26,767,2026-02-01,2026-02-28,172.88,0.0,0.0,0.0,0.0,0,0.0,172.88
26,768,2026-03-01,2026-03-01,172.88,0.0,0.0,0.0,0.0,0,0.0,172.88
26,769,2026-03-01,2026-03-02,172.88,0.0,0.0,0.0,0.0,0,0.0,172.88
26,770,2026-03-01,2026-03-03,172.88,0.0,0.0,0.0,0.0,0,0.0,172.88
26,771,2026-03-01,2026-03-04,172.88,0.0,0.0,0.0,0.0,0,0.0,172.88
26,772,2026-03-01,2026-03-05,172.88,0.0,0.0,0.0,0.0,0,0.0,172.88
26,773,2026-03-01,2026-03-06,172.88,0.0,0.0,0.0,0.0,0,0.0,172.88
26,774,2026-03-01,2026-03-07,172.88,0.0,0.0,0.0,0.0,0,0.0,172.88
26,775,2026-03-01,2026-03-08,172.88,0.0,0.0,0.0,0.0,0,0.0,172.88
26,776,2026-03-01,2026-03-09,172.88,0.0,0.0,0.0,0.0,0,0.0,172.88
26,777,2026-03-01,2026-03-10,172.88,0.0,0.0,0.0,0.0,0,0.0,172.88
26,778,2026-03-01,2026-03-11,172.88,0.0,0.0,0.0,0.0,0,0.0,172.88
26,779,2026-03-01,2026-03-12,172.88,0.0,0.0,0.0,0.0,0,0.0,172.88
26,780,2026-03-01,2026-03-13,172.88,0.0,0.0,0.0,0.0,0,0.0,172.88
26,781,2026-03-01,2026-03-14,172.88,0.0,0.0,0.0,0.0,0,0.0,172.88
26,782,2026-03-01,2026-03-15,172.88,0.0,0.0,0.0,0.0,0,0.0,172.88
26,783,2026-03-01,2026-03-16,172.88,0.0,0.0,0.0,0.0,0,0.0,172.88
26,784,2026-03-01,2026-03-17,172.88,0.0,0.0,0.0,0.0,0,0.0,172.88
26,785,2026-03-01,2026-03-18,172.88,0.0,0.0,0.0,0.0,0,0.0,172.88
26,786,2026-03-01,2026-03-19,172.88,0.0,0.0,0.0,0.0,0,0.0,172.88
26,787,2026-03-01,2026-03-20,172.88,0.0,0.0,0.0,0.0,0,0.0,172.88
26,788,2026-03-01,2026-03-21,172.88,0.0,0.0,0.0,0.0,0,0.0,172.88
26,789,2026-03-01,2026-03-22,172.88,0.0,0.0,0.0,0.0,0,0.0,172.88
26,790,2026-03-01,2026-03-23,172.88,0.0,0.33,0.0,0.33,0,172.55,0.0
